iteration,objective,step_size
0,1292.5,0.00017307022583505085
1,671.7785888695929,0.00034614046306837953
2,621.5343152511864,0.0005192107003017082
3,571.4095917569163,0.0002800335211870685
4,528.049730765867,0.000972314470120384
5,465.1014044870826,0.00017307022583505085
6,419.7191183848816,0.0019193784212476175
7,333.9980622109676,0.00017307022583505085
8,273.9986369426774,0.0009062075238853184
9,243.7527037297303,0.0002391771720701165
10,220.0785902987246,0.0017463081357304054
11,180.73729018077148,0.00017307022583505085
12,152.50153747842296,0.0010131708376801378
13,135.56270269429146,0.00017307022583505085
14,123.372134303265,0.0018785220255097693
15,101.96156410628075,0.00017307022583505085
16,86.3321706062376,0.0009062075238853184
17,78.39967356080166,0.0002391771720701165
18,72.22136499668483,0.0017463081357304054
19,61.864260008575364,0.00017307022583505085
20,54.50268639143126,0.0010131708376801378
21,50.024915387276266,0.00017307022583505085
22,46.839905801351705,0.0018785220255097693
23,41.13885845610903,0.00017307022583505085
24,37.058646053764946,0.000972314470120384
25,34.91387197293498,0.00017307022583505085
26,33.29101338149354,0.0018785220255097693
27,30.346012495260815,0.00017307022583505085
28,28.266715349803345,0.000972314470120384
29,27.14583474612102,0.00017307022583505085
30,26.315126023388316,0.0019193784212476175
31,24.749790998401267,0.00017307022583505085
32,23.643728476412576,0.000972314470120384
33,23.058902999120455,0.00017307022583505085
34,22.61669283824566,0.0019854853560844054
35,21.77965028784588,0.00017307022583505085
36,21.149487515236128,0.0009062075238853184
37,20.84387357618481,0.0002391771720701165
38,20.59381353675624,0.0018124150705671935
39,20.159324945838478,0.00017307022583505085
40,19.834490227559307,0.0010792777725169254
41,19.630383587662806,0.00017307022583505085
42,19.470474934411364,0.0018785220255097693
43,19.2026331677381,0.00017307022583505085
44,18.989649764406057,0.0010792777725169254
45,18.86015509713087,0.00017307022583505085
46,18.754540755873922,0.0019193784212476175
47,18.57018343725137,0.00017307022583505085
48,18.422099082917796,0.0010792777725169254
49,18.326670146503947,0.00017307022583505085
50,18.25206175506564,0.0020924486470826685
51,18.102363967812238,0.00017307022583505085
52,17.97933392425785,0.0010792777725169254
53,17.905247686560386,0.00017307022583505085
54,17.843099962692282,0.0021585555933177343
55,17.718834465873044,0.00017307022583505085
56,17.60887793838498,0.0010131708376801378
57,17.545594763409206,0.00017307022583505085
58,17.495676028449076,0.0024794454820645565
59,17.368833555450646,0.00017307022583505085
60,17.256420503660188,0.0009062075238853184
61,17.202440523657582,0.0002391771720701165
62,17.1554457435368,0.0023063752334329486
63,17.043441784547444,0.00017307022583505085
64,16.945557141164286,0.0010131708376801378
65,16.890350674905694,0.00017307022583505085
66,16.84579720374231,0.0025455524055030656
67,16.73065049254234,0.00017307022583505085
68,16.62469707897017,0.0009062075238853184
69,16.57534619799469,0.0002391771720701165
70,16.531232337296583,0.0023063752334329486
71,16.427556572573348,0.00017307022583505085
72,16.335003100602503,0.0010131708376801378
73,16.282827553880633,0.0002391771720701165
74,16.235675800230325,0.0020263417052013575
75,16.1460715994498,0.00017307022583505085
76,16.065151905077204,0.0011862410450723868
77,16.009099374950225,0.00017307022583505085
78,15.959710489968172,0.0020263417052013575
79,15.872004139333743,0.00017307022583505085
80,15.792412548565006,0.0011201341357229247
81,15.737728260709007,0.00017307022583505085
82,15.693776299460325,0.002265518884315997
83,15.597506294498274,0.00017307022583505085
84,15.511815227100065,0.0010792777725169254
85,15.461575180913835,0.00017307022583505085
86,15.417863715878003,0.002265518884315997
87,15.324668241914523,0.00017307022583505085
88,15.239216641514309,0.0010131708376801378
89,15.190630053134162,0.0002391771720701165
90,15.147013945770315,0.0020263417052013575
91,15.063269438809668,0.00017307022583505085
92,14.98851847603893,0.0011862410450723868
93,14.936079104870807,0.00017307022583505085
94,14.890407860531264,0.0020263417052013575
95,14.808170142867198,0.00017307022583505085
96,14.734630326100344,0.0011862410450723868
97,14.683124144502067,0.00017307022583505085
98,14.638197924736318,0.0020263417052013575
99,14.557433157047795,0.00017307022583505085
100,14.485084434518935,0.0011862410450723868
101,14.434492280584973,0.00017307022583505085
102,14.390298606232873,0.0020263417052013575
103,14.310977284716213,0.00017307022583505085
104,14.239800154940754,0.0011862410450723868
105,14.190104615565888,0.00017307022583505085
106,14.146631380560446,0.0020263417052013575
107,14.068726256545581,0.00017307022583505085
108,13.998701638680553,0.0011862410450723868
109,13.949886262164584,0.00017307022583505085
110,13.90712163670418,0.0020263417052013575
111,13.830606748325433,0.00017307022583505085
112,13.761715919409742,0.0011862410450723868
113,13.713764847944432,0.00017307022583505085
114,13.671697231934676,0.0020263417052013575
115,13.596547451152833,0.00017307022583505085
116,13.52877201438063,0.0011862410450723868
117,13.481669811137612,0.00017307022583505085
118,13.440287810953661,0.0020263417052013575
119,13.366478629444256,0.00017307022583505085
120,13.299800496860774,0.0011862410450723868
121,13.253532063294866,0.00017307022583505085
122,13.212824479376444,0.0020263417052013575
123,13.140331905172241,0.00017307022583505085
124,13.074733287094151,0.0011862410450723868
125,13.029283822093575,0.00017307022583505085
126,12.989239641586495,0.0020263417052013575
127,12.918040147111917,0.00017307022583505085
128,12.85350354470539,0.0011862410450723868
129,12.808858523176589,0.00017307022583505085
130,12.769466914938754,0.0020263417052013575
131,12.699537408928839,0.00017307022583505085
132,12.636045608292568,0.0011201341357229247
133,12.592401884503618,0.00017307022583505085
134,12.557336437923722,0.002265518884315997
135,12.480454461531362,0.00017307022583505085
136,12.412090226339453,0.0010792777725169254
137,12.371952697592846,0.00017307022583505085
138,12.337073859136838,0.002265518884315997
139,12.262585418311884,0.00017307022583505085
140,12.19440922613503,0.0010131708376801378
141,12.155578453473556,0.0002391771720701165
142,12.120768495984196,0.0020263417052013575
143,12.053812155178917,0.00017307022583505085
144,11.994170548198674,0.0011862410450723868
145,11.952246307888114,0.00017307022583505085
146,11.915801011854862,0.0020263417052013575
147,11.850037511786867,0.00017307022583505085
148,11.791361514546255,0.0011862410450723868
149,11.750178555355875,0.00017307022583505085
150,11.7143272083704,0.0020263417052013575
151,11.64973528062404,0.00017307022583505085
152,11.592009241624087,0.0011862410450723868
153,11.551554436836035,0.00017307022583505085
154,11.516287342411609,0.0020263417052013575
155,11.452846097410575,0.00017307022583505085
156,11.396054619107566,0.0011862410450723868
157,11.356315074358198,0.00017307022583505085
158,11.321622694543695,0.0020263417052013575
159,11.259311614734365,0.00017307022583505085
160,11.203439549410074,0.0011862410450723868
161,11.164402598551485,0.00017307022583505085
162,11.130275551332192,0.0020263417052013575
163,11.0690744845335,0.00017307022583505085
164,11.01410693023596,0.0011862410450723868
165,10.975760131288016,0.00017307022583505085
166,10.942189188031023,0.0020263417052013575
167,10.882078340923952,0.00017307022583505085
168,10.828000637474842,0.0011862410450723868
169,10.790331768656594,0.00017307022583505085
170,10.757307851598979,0.0020263417052013575
171,10.698267783341027,0.00017307022583505085
172,10.64506550840904,0.0011862410450723868
173,10.60806256424401,0.00017307022583505085
174,10.575576744022843,0.0020263417052013575
175,10.517588359980595,0.00017307022583505085
176,10.465247325218664,0.0011862410450723868
177,10.428898512710456,0.00017307022583505085
178,10.396942005933482,0.0020263417052013575
179,10.339986551528202,0.00017307022583505085
180,10.288492798773692,0.0011862410450723868
181,10.252786533650026,0.00017307022583505085
182,10.221350700505813,0.0020263417052013575
183,10.165409755169218,0.00017307022583505085
184,10.11474955270603,0.0011862410450723868
185,10.079674455729243,0.00017307022583505085
186,10.04875079763729,0.0020263417052013575
187,9.99380626887485,0.00017307022583505085
188,9.943966107756212,0.0011862410450723868
189,9.909511001099158,0.00017307022583505085
190,9.879091158397907,0.0020263417052013575
191,9.825125275957957,0.00017307022583505085
192,9.776091866388997,0.0011201341357229247
193,9.742407457805198,0.00017307022583505085
194,9.715328685021538,0.002265518884315997
195,9.655995852561317,0.00017307022583505085
196,9.603199094351401,0.0010792777725169254
197,9.572220616654333,0.00017307022583505085
198,9.545285780970666,0.002265518884315997
199,9.487799125037043,0.00017307022583505085
200,9.43514741524267,0.0010131708376801378
201,9.405175825082233,0.0002391771720701165
202,9.378295221448345,0.0020263417052013575
203,9.32661919828358,0.00017307022583505085
204,9.28055888999917,0.0011862410450723868
205,9.248200155730926,0.00017307022583505085
206,9.22005513400132,0.0020263417052013575
207,9.169298384015683,0.00017307022583505085
208,9.123983682014638,0.0011862410450723868
209,9.09219631022152,0.00017307022583505085
210,9.064509849291769,0.0020263417052013575
211,9.014655993444686,0.00017307022583505085
212,8.97007481350766,0.0011862410450723868
213,8.938848693295007,0.00017307022583505085
214,8.91161330818317,0.0020263417052013575
215,8.862646258950761,0.00017307022583505085
216,8.818786712909434,0.0011862410450723868
217,8.788111912241511,0.00017307022583505085
218,8.761320240323064,0.0020263417052013575
219,8.71322419651985,0.00017307022583505085
220,8.670074589072847,0.0011862410450723868
221,8.639941351612741,0.00017307022583505085
222,8.613586150617667,0.0020263417052013575
223,8.566345592309796,0.00017307022583505085
224,8.523894417890988,0.0011862410450723868
225,8.494293159896431,0.00017307022583505085
226,8.468367305939113,0.0020263417052013575
227,8.421966989447826,0.00017307022583505085
228,8.380202929145351,0.0011862410450723868
229,8.351124236419153,0.00017307022583505085
230,8.32562072206073,0.0020263417052013575
231,8.280045675054678,0.00017307022583505085
232,8.238957593579672,0.0011862410450723868
233,8.210392218474096,0.00017307022583505085
234,8.185304150816268,0.0020263417052013575
235,8.140539667490408,0.00017307022583505085
236,8.1001166101956,0.0011862410450723868
237,8.072055468669488,0.00017307022583505085
238,8.047376067479819,0.0020263417052013575
239,8.00340770382004,0.00017307022583505085
240,7.963638893766264,0.0011862410450723868
241,7.936073062494094,0.00017307022583505085
242,7.911795658361951,0.0020263417052013575
243,7.868609227493546,0.00017307022583505085
244,7.8294840625644175,0.0011862410450723868
245,7.802404776096375,0.00017307022583505085
246,7.778522808619145,0.0020263417052013575
247,7.736104376237806,0.00017307022583505085
248,7.697612426300775,0.0011201341357229247
249,7.671139947252159,0.00017307022583505085
250,7.649880407266747,0.0023063752334329486
251,7.603204400605309,0.00017307022583505085
252,7.560350302308365,0.0010131708376801378
253,7.536650751349717,0.00017307022583505085
254,7.5171648379328015,0.0024794454820645565
255,7.467377906352725,0.00017307022583505085
256,7.423132787129211,0.000972314470120384
257,7.400672043419071,0.0002391771720701165
258,7.379872799535613,0.002092448628639867
259,7.338493606442795,0.00017307022583505085
260,7.300882430379903,0.0011201341357229247
261,7.276297211112041,0.00017307022583505085
262,7.255622149460418,0.002199411942434686
263,7.212696211449537,0.00017307022583505085
264,7.174359782167925,0.0010792777725169254
265,7.150876953490063,0.00017307022583505085
266,7.131234301940337,0.0023063752334329486
267,7.08735727140192,0.00017307022583505085
268,7.047832018198013,0.0010131708376801378
269,7.02561921098573,0.00017307022583505085
270,7.007610799748138,0.0025455524055030656
271,6.9607456657616895,0.00017307022583505085
272,6.917873279150708,0.0009062075238853184
273,6.897598734842669,0.0002391771720701165
274,6.879674148617725,0.002372482168269737
275,6.836662451423616,0.00017307022583505085
276,6.79713580550321,0.000972314470120384
277,6.776294272460889,0.0002391771720701165
278,6.75757554745582,0.0021585555933177343
279,6.718864201335096,0.00017307022583505085
280,6.683242596293082,0.0010792777725169254
281,6.6613592943869,0.00017307022583505085
282,6.643102200572271,0.0023063752334329486
283,6.602195913872736,0.00017307022583505085
284,6.565470194730331,0.0010131708376801378
285,6.544771911651409,0.0002391771720701165
286,6.526056033609596,0.0020263417052013575
287,6.490428178310485,0.00017307022583505085
288,6.458304254457139,0.0011862410450723868
289,6.435972981655029,0.00017307022583505085
290,6.416358455008417,0.0020263417052013575
291,6.381363178298828,0.00017307022583505085
292,6.349759099022731,0.0011862410450723868
293,6.327821391157013,0.00017307022583505085
294,6.308526279590218,0.0020263417052013575
295,6.274152318007786,0.00017307022583505085
296,6.243059659968499,0.0011862410450723868
297,6.221508557464682,0.00017307022583505085
298,6.202527649043426,0.0020263417052013575
299,6.1687639395593985,0.00017307022583505085
300,6.138174416048203,0.0011862410450723868
301,6.117003082413014,0.00017307022583505085
302,6.098331250378599,0.0020263417052013575
303,6.065166926837147,0.00017307022583505085
304,6.035072385558519,0.0011201341357229247
305,6.014374882846268,0.00017307022583505085
306,5.997753279466511,0.0023063752334329486
307,5.961259044509283,0.00017307022583505085
308,5.927753912747237,0.0010131708376801378
309,5.9092238827231,0.00017307022583505085
310,5.893988880383429,0.0024794454820645565
311,5.855061031149182,0.00017307022583505085
312,5.820468253162954,0.000972314470120384
313,5.802906290001665,0.0002391771720701165
314,5.786644290301965,0.002092448628639867
315,5.754289252562988,0.00017307022583505085
316,5.724883069109463,0.0011201341357229247
317,5.705659386375562,0.00017307022583505085
318,5.6894944879677265,0.002199411942434686
319,5.6559289378542035,0.00017307022583505085
320,5.625955640136573,0.0010792777725169254
321,5.607593407576756,0.00017307022583505085
322,5.592235606329659,0.0023063752334329486
323,5.557925156240247,0.00017307022583505085
324,5.527022307436567,0.0010131708376801378
325,5.509652699103556,0.00017307022583505085
326,5.495572530657734,0.0025455524055030656
327,5.458924087022753,0.00017307022583505085
328,5.425404235256686,0.0009062075238853184
329,5.409549895490869,0.0002391771720701165
330,5.395534965556384,0.002372482168269737
331,5.361898691374507,0.00017307022583505085
332,5.330994593433544,0.000972314470120384
333,5.314696315875058,0.0002391771720701165
334,5.300060390329445,0.0021585555933177343
335,5.269786078351957,0.00017307022583505085
336,5.241935022053037,0.0010792777725169254
337,5.224821409632738,0.00017307022583505085
338,5.210546580428819,0.0023063752334329486
339,5.178554651487032,0.00017307022583505085
340,5.149840282438987,0.0010131708376801378
341,5.133653007170366,0.0002391771720701165
342,5.1190191080093825,0.0020263417052013575
343,5.091154422847437,0.00017307022583505085
344,5.0660378508870645,0.0011862410450723868
345,5.0485726074586825,0.00017307022583505085
346,5.033236344520104,0.0020263417052013575
347,5.005865450615779,0.00017307022583505085
348,4.981155247329384,0.0011862410450723868
349,4.963997256885674,0.00017307022583505085
350,4.948910659732308,0.0020263417052013575
351,4.922024772613055,0.00017307022583505085
352,4.8977143541442345,0.0011862410450723868
353,4.880858187994842,0.00017307022583505085
354,4.866017183557899,0.0020263417052013575
355,4.8396076749976835,0.00017307022583505085
356,4.815690564275094,0.0011862410450723868
357,4.799130889692881,0.00017307022583505085
358,4.784531471458409,0.0020263417052013575
359,4.7585898667028355,0.00017307022583505085
360,4.735059691706326,0.0011862410450723868
361,4.71879127023241,0.00017307022583505085
362,4.704429497152316,0.0020263417052013575
363,4.678947472192836,0.00017307022583505085
364,4.655797964248178,0.0011201341357229247
365,4.63989217473959,0.00017307022583505085
366,4.627107545702487,0.002265518884315997
367,4.59908857373576,0.00017307022583505085
368,4.574162149182357,0.0010792777725169254
369,4.559532657086673,0.00017307022583505085
370,4.546815775320595,0.002265518884315997
371,4.519665707939508,0.00017307022583505085
372,4.4948075590788,0.0010131708376801378
373,4.480652512323598,0.0002391771720701165
374,4.467960677700009,0.0020263417052013575
375,4.44355262699732,0.00017307022583505085
376,4.421806144874401,0.0011862410450723868
377,4.406521939300426,0.00017307022583505085
378,4.39323333018726,0.0020263417052013575
379,4.369257080611293,0.00017307022583505085
380,4.347862419702576,0.0011862410450723868
381,4.332846693239538,0.00017307022583505085
382,4.319774390877658,0.0020263417052013575
383,4.296222268604144,0.00017307022583505085
384,4.27517372883645,0.0011862410450723868
385,4.2604217420971455,0.00017307022583505085
386,4.247562217708494,0.0020263417052013575
387,4.2244266853069306,0.00017307022583505085
388,4.20371865905976,0.0011862410450723868
389,4.189225756383296,0.00017307022583505085
390,4.1765755388520756,0.0020263417052013575
391,4.153849192864692,0.00017307022583505085
392,4.133476163469149,0.0011862410450723868
393,4.119237771442867,0.00017307022583505085
394,4.106793446371815,0.0020263417052013575
395,4.084469014935443,0.00017307022583505085
396,4.064425555197591,0.0011862410450723868
397,4.050437181205032,0.00017307022583505085
398,4.038195389987401,0.0020263417052013575
399,4.016265730497471,0.00017307022583505085
400,3.996546501245698,0.0011862410450723868
401,3.982803732040178,0.00017307022583505085
402,3.970761170946762,0.0020263417052013575
403,3.9492192677627522,0.00017307022583505085
404,3.929819016418728,0.0011862410450723868
405,3.9163175167220494,0.00017307022583505085
406,3.9044709360032654,0.0020263417052013575
407,3.88330989819472,0.00017307022583505085
408,3.864223457367587,0.0011862410450723868
409,3.8509589684934666,0.00017307022583505085
410,3.8393051714960778,0.0020263417052013575
411,3.8185182306286105,0.00017307022583505085
412,3.7997405167319855,0.0011862410450723868
413,3.786708855233799,0.00017307022583505085
414,3.7752446975321394,0.0020263417052013575
415,3.7548252054927196,0.00017307022583505085
416,3.7363512173842155,0.0011862410450723868
417,3.7235482737264856,0.00017307022583505085
418,3.7122706622679726,0.0020263417052013575
419,3.6922120891286334,0.00017307022583505085
420,3.6740369067714385,0.0011862410450723868
421,3.661458644024879,0.00017307022583505085
422,3.650364536289387,0.0020263417052013575
423,3.6306604682089363,0.00017307022583505085
424,3.6127792513551875,0.0011201341357229247
425,3.6004815783752018,0.00017307022583505085
426,3.59060551983982,0.0023063752334329486
427,3.568921268541798,0.00017307022583505085
428,3.5490134408961285,0.0010131708376801378
429,3.5380027749110416,0.00017307022583505085
430,3.528950455287609,0.0024794454820645565
431,3.5058182124666706,0.00017307022583505085
432,3.4852639978834326,0.000972314470120384
433,3.4748277684918,0.0002391771720701165
434,3.4651649904374304,0.002092448628639867
435,3.4459368545323295,0.00017307022583505085
436,3.4284642316294436,0.0011201341357229247
437,3.4170396297881784,0.00017307022583505085
438,3.4074345280115224,0.002199411942434686
439,3.3874853468732864,0.00017307022583505085
440,3.369675634580791,0.0010792777725169254
441,3.358762180272689,0.00017307022583505085
442,3.3496365060943005,0.0023063752334329486
443,3.329242790547858,0.00017307022583505085
444,3.3108806412021137,0.0010131708376801378
445,3.300556434857953,0.00017307022583505085
446,3.292189768119179,0.0025455524055030656
447,3.270404284234494,0.00017307022583505085
448,3.2504870633858394,0.0009062075238853184
449,3.2410629096763355,0.0002391771720701165
450,3.2327345811326307,0.002372482168269737
451,3.2127378250805685,0.00017307022583505085
452,3.194374687200246,0.000972314470120384
453,3.1846858045526547,0.0002391771720701165
454,3.1759883349458264,0.0021585555933177343
455,3.1579887008950247,0.00017307022583505085
456,3.141439476842298,0.0010792777725169254
457,3.1312649134438613,0.00017307022583505085
458,3.122782229970993,0.0023063752334329486
459,3.103759770710131,0.00017307022583505085
460,3.086697479813,0.0010131708376801378
461,3.077073040449131,0.0002391771720701165
462,3.068376467831767,0.0020263417052013575
463,3.0518066930749885,0.00017307022583505085
464,3.036882001651032,0.0011862410450723868
465,3.026496427913468,0.00017307022583505085
466,3.0173828576682524,0.0020263417052013575
467,3.0011052717424485,0.00017307022583505085
468,2.9864219303154367,0.0011862410450723868
469,2.9762182212085193,0.00017307022583505085
470,2.9672528939653917,0.0020263417052013575
471,2.9512623102264817,0.00017307022583505085
472,2.9368164096476597,0.0011862410450723868
473,2.9267913585972916,0.00017307022583505085
474,2.91797185701831,0.0020263417052013575
475,2.9022631809718566,0.00017307022583505085
476,2.888050875482651,0.0011862410450723868
477,2.8782013325351548,0.00017307022583505085
478,2.869525278769491,0.0020263417052013575
479,2.8540935064351496,0.00017307022583505085
480,2.8401110126382116,0.0011862410450723868
481,2.8304338834609104,0.00017307022583505085
482,2.821898938498873,0.0020263417052013575
483,2.806739154803809,0.00017307022583505085
484,2.7929827506506997,0.0011201341357229247
485,2.7835211107069853,0.00017307022583505085
486,2.7759231680407632,0.0023063752334329486
487,2.7592390219501786,0.00017307022583505085
488,2.7439234526167327,0.0010131708376801378
489,2.735451635518138,0.00017307022583505085
490,2.7284873451735323,0.0024794454820645565
491,2.7106881853389573,0.00017307022583505085
492,2.6948752775876588,0.000972314470120384
493,2.686845073803334,0.0002391771720701165
494,2.6794109820097813,0.002092448628639867
495,2.6646150616632696,0.00017307022583505085
496,2.6511728107454577,0.0011201341357229247
497,2.6423816498320556,0.00017307022583505085
498,2.6349919758618494,0.002199411942434686
499,2.6196404447808757,0.00017307022583505085
500,2.6059388085536876,0.0010792777725169254
501,2.597540598561633,0.00017307022583505085
502,2.590519698748727,0.0023063752334329486
503,2.574825216617819,0.00017307022583505085
504,2.5606985255641974,0.0010131708376801378
505,2.5527534439185438,0.00017307022583505085
506,2.546316403950866,0.0025455524055030656
507,2.5295498390892863,0.00017307022583505085
508,2.514226751090369,0.0009062075238853184
509,2.5069740581559734,0.0002391771720701165
510,2.5005662655846312,0.002372482168269737
511,2.485175481768714,0.00017307022583505085
512,2.4710479189212826,0.000972314470120384
513,2.4635910799342216,0.0002391771720701165
514,2.456899227509808,0.0021585555933177343
515,2.443044831444941,0.00017307022583505085
516,2.430312688907197,0.0010792777725169254
517,2.422481562438246,0.00017307022583505085
518,2.4159551086070588,0.0023063752334329486
519,2.4013126900414012,0.00017307022583505085
520,2.3881857868084473,0.0010131708376801378
521,2.380777808383572,0.0002391771720701165
522,2.3740865073061626,0.0020263417052013575
523,2.361331388797865,0.00017307022583505085
524,2.349848925806817,0.0011862410450723868
525,2.3418544365238243,0.00017307022583505085
526,2.3348425351178785,0.0020263417052013575
527,2.322311656433623,0.00017307022583505085
528,2.311014821464417,0.0011862410450723868
529,2.303159928945521,0.00017307022583505085
530,2.2962620274904344,0.0020263417052013575
531,2.2839514133066454,0.00017307022583505085
532,2.2728372002503114,0.0011862410450723868
533,2.2651194462155906,0.00017307022583505085
534,2.2583336862638976,0.0020263417052013575
535,2.2462394318398347,0.00017307022583505085
536,2.235304883328205,0.0011862410450723868
537,2.2277218528775733,0.00017307022583505085
538,2.221046406333832,0.0020263417052013575
539,2.2091646762592587,0.00017307022583505085
540,2.1984068828738383,0.0011862410450723868
541,2.1909562037216115,0.00017307022583505085
542,2.1843892723458986,0.0020263417052013575
543,2.172716299310916,0.00017307022583505085
544,2.162132398804619,0.0011862410450723868
545,2.154811740527554,0.00017307022583505085
546,2.1483515554471664,0.0020263417052013575
547,2.136883639033844,0.00017307022583505085
548,2.1264708155654284,0.0011201341357229247
549,2.119312557084741,0.00017307022583505085
550,2.1135616050827553,0.0023063752334329486
551,2.100939921816111,0.00017307022583505085
552,2.08934675204469,0.0010131708376801378
553,2.0829369634766093,0.00017307022583505085
554,2.077665609808712,0.0024794454820645565
555,2.0641994602780924,0.00017307022583505085
556,2.052229737553394,0.000972314470120384
557,2.0461537079142516,0.0002391771720701165
558,2.0405268294940844,0.002092448628639867
559,2.029332061230697,0.00017307022583505085
560,2.0191568391357957,0.0011201341357229247
561,2.012504773887229,0.00017307022583505085
562,2.0069112715065667,0.002199411942434686
563,1.9952953695096818,0.00017307022583505085
564,1.9849237293282846,0.0010792777725169254
565,1.9785686149845565,0.00017307022583505085
566,1.97325420655358,0.0023063752334329486
567,1.9613780772077323,0.00017307022583505085
568,1.9506846091808445,0.0010131708376801378
569,1.9446719907486647,0.00017307022583505085
570,1.9397994949681825,0.0025455524055030656
571,1.9271113227946404,0.00017307022583505085
572,1.9155121270107143,0.0009062075238853184
573,1.9100231115386028,0.0002391771720701165
574,1.9051727742610327,0.002372482168269737
575,1.8935249038289381,0.00017307022583505085
576,1.8828306478490004,0.000972314470120384
577,1.8771868382483776,0.0002391771720701165
578,1.8721213847365117,0.0021585555933177343
579,1.8616355343020212,0.00017307022583505085
580,1.8519975407981597,0.0010792777725169254
581,1.846070143513844,0.00017307022583505085
582,1.8411297773386883,0.0023063752334329486
583,1.8300467528199555,0.00017307022583505085
584,1.8201098702665552,0.0010131708376801378
585,1.814502407002747,0.0002391771720701165
586,1.8094372104611482,0.0020263417052013575
587,1.7997820466064205,0.00017307022583505085
588,1.7910899365045012,0.0011862410450723868
589,1.78503817452279,0.00017307022583505085
590,1.7797302164099318,0.0020263417052013575
591,1.7702441670271158,0.00017307022583505085
592,1.7616925221063395,0.0011862410450723868
593,1.7557460682035846,0.00017307022583505085
594,1.7505243540169526,0.0020263417052013575
595,1.7412044255956725,0.00017307022583505085
596,1.732790971595212,0.0011862410450723868
597,1.7269479740050988,0.00017307022583505085
598,1.7218110982423498,0.0020263417052013575
599,1.712654350384176,0.00017307022583505085
600,1.704376849912533,0.0011862410450723868
601,1.6986354895223348,0.00017307022583505085
602,1.6935820696304935,0.0020263417052013575
603,1.6845856141068987,0.00017307022583505085
604,1.676441866043559,0.0011862410450723868
605,1.6708003558181694,0.00017307022583505085
606,1.6658290318183537,0.0020263417052013575
607,1.6569900316454342,0.00017307022583505085
608,1.6489778705522062,0.0011862410450723868
609,1.6434344549683528,0.00017307022583505085
610,1.6385438890865835,0.0020263417052013575
611,1.6298595576160857,0.00017307022583505085
612,1.621976853158064,0.0011201341357229247
613,1.616556167824948,0.00017307022583505085
614,1.6122024388952898,0.0023063752334329486
615,1.6026436521390617,0.00017307022583505085
616,1.5938673881853536,0.0010131708376801378
617,1.5890131922484054,0.00017307022583505085
618,1.5850224679117555,0.0024794454820645565
619,1.5748234316264194,0.00017307022583505085
620,1.5657620725874113,0.000972314470120384
621,1.561160342848624,0.0002391771720701165
622,1.5569002867646433,0.002092448628639867
623,1.5484209274673846,0.00017307022583505085
624,1.540717945949571,0.0011201341357229247
625,1.5356795469099875,0.00017307022583505085
626,1.5314448681232353,0.002199411942434686
627,1.5226459102208723,0.00017307022583505085
628,1.5147941985724656,0.0010792777725169254
629,1.5099804226958096,0.00017307022583505085
630,1.5059569727530258,0.0023063752334329486
631,1.4969601724727775,0.00017307022583505085
632,1.4888647971157198,0.0010131708376801378
633,1.4843102216171356,0.00017307022583505085
634,1.4806212533973584,0.0025455524055030656
635,1.4710084277699682,0.00017307022583505085
636,1.4622273812922735,0.0009062075238853184
637,1.4580692661660808,0.0002391771720701165
638,1.4543968085864336,0.002372482168269737
639,1.4455714459088216,0.00017307022583505085
640,1.437475390000076,0.000972314470120384
641,1.4331996531217415,0.0002391771720701165
642,1.429364298468777,0.0021585555933177343
643,1.4214188018902687,0.00017307022583505085
644,1.4141222890448348,0.0010792777725169254
645,1.4096312666343929,0.00017307022583505085
646,1.4058907999232544,0.0023063752334329486
647,1.3974922092760356,0.00017307022583505085
648,1.3899694017681585,0.0010131708376801378
649,1.3857205900629859,0.0002391771720701165
650,1.3818853251680943,0.0020263417052013575
651,1.374568249818589,0.00017307022583505085
652,1.3679876885834021,0.0011862410450723868
653,1.3634016215520905,0.00017307022583505085
654,1.3593828177790788,0.0020263417052013575
655,1.352193348763861,0.00017307022583505085
656,1.3457190835941286,0.0011862410450723868
657,1.3412124964582353,0.00017307022583505085
658,1.3372589441429066,0.0020263417052013575
659,1.330194826657828,0.00017307022583505085
660,1.3238251369122578,0.0011862410450723868
661,1.3193966344142845,0.00017307022583505085
662,1.3155072705496322,0.0020263417052013575
663,1.3085662897626646,0.00017307022583505085
664,1.3022994826898924,0.0011862410450723868
665,1.2979476941557797,0.00017307022583505085
666,1.294121473087647,0.0020263417052013575
667,1.2873014534301972,0.00017307022583505085
668,1.2811358637163095,0.0011862410450723868
669,1.2768594426220043,0.00017307022583505085
670,1.2730953357653838,0.0020263417052013575
671,1.2663941402361905,0.00017307022583505085
672,1.2603281295594444,0.0011862410450723868
673,1.256125753105125,0.00017307022583505085
674,1.2524227486650492,0.0020263417052013575
675,1.2458382781464075,0.00017307022583505085
676,1.239870234739275,0.0011862410450723868
677,1.2357406034310725,0.00017307022583505085
678,1.232097706128105,0.0020263417052013575
679,1.2256278987141864,0.00017307022583505085
680,1.2197562369324897,0.0011201341357229247
681,1.215717757915697,0.00017307022583505085
682,1.2124746864301654,0.0023063752334329486
683,1.2053527637044124,0.00017307022583505085
684,1.1988154741671497,0.0010131708376801378
685,1.1951987543767637,0.00017307022583505085
686,1.1922260261930657,0.0024794454820645565
687,1.1846264004932185,0.00017307022583505085
688,1.1778767068595442,0.000972314470120384
689,1.1744478176648854,0.0002391771720701165
690,1.1712743406058006,0.002092448628639867
691,1.164955516001424,0.00017307022583505085
692,1.1592175873464783,0.0011201341357229247
693,1.155462981871459,0.00017307022583505085
694,1.1523084517802133,0.002199411942434686
695,1.1457508874706552,0.00017307022583505085
696,1.1399021324643366,0.0010792777725169254
697,1.1363146377210738,0.00017307022583505085
698,1.133317402607044,0.0023063752334329486
699,1.1266117425557163,0.00017307022583505085
700,1.1205814489665984,0.0010131708376801378
701,1.1171868931523306,0.0002391771720701165
702,1.1141143761810488,0.0020263417052013575
703,1.1082715780942072,0.00017307022583505085
704,1.1029967903566944,0.0011862410450723868
705,1.0993334548381843,0.00017307022583505085
706,1.0961128792522665,0.0020263417052013575
707,1.090371586395672,0.00017307022583505085
708,1.085181966598648,0.0011862410450723868
709,1.0815818901544256,0.00017307022583505085
710,1.0784135699431094,0.0020263417052013575
711,1.072771991213142,0.00017307022583505085
712,1.067666161036869,0.0011862410450723868
713,1.0641282346720786,0.00017307022583505085
714,1.0610113188533639,0.0020263417052013575
715,1.0554676948806727,0.00017307022583505085
716,1.0504442983430207,0.0011862410450723868
717,1.0469674325911846,0.00017307022583505085
718,1.043901084071265,0.0020263417052013575
719,1.0384536866582712,0.00017307022583505085
720,1.0335113897522537,0.0011862410450723868
721,1.03009451433106,0.00017307022583505085
722,1.0270779096773053,0.0020263417052013575
723,1.0217250412456753,0.00017307022583505085
724,1.016862531582953,0.0011201341357229247
725,1.0135207273397329,0.00017307022583505085
726,1.0108352260681857,0.002265518884315997
727,1.0049472456709692,0.00017307022583505085
728,0.9997113344719134,0.0010792777725169254
729,0.9966365682715181,0.00017307022583505085
730,0.9939651273648749,0.002265518884315997
731,0.9882574468039185,0.00017307022583505085
732,0.9830357098856964,0.0010131708376801378
733,0.9800597488505446,0.0002391771720701165
734,0.9773932098639107,0.0020263417052013575
735,0.9722601064413625,0.00017307022583505085
736,0.9676918011298047,0.0011862410450723868
737,0.9644771408480651,0.00017307022583505085
738,0.9616852926362166,0.0020263417052013575
739,0.9566410793140323,0.00017307022583505085
740,0.9521465189600682,0.0011862410450723868
741,0.9489872082462332,0.00017307022583505085
742,0.9462406426376234,0.0020263417052013575
743,0.94128375341931,0.00017307022583505085
744,0.9368617446429979,0.0011862410450723868
745,0.9337568145493149,0.00017307022583505085
746,0.9310547941987681,0.0020263417052013575
747,0.9261836908060108,0.00017307022583505085
748,0.9218330595676254,0.0011862410450723868
749,0.9187815581935826,0.00017307022583505085
750,0.9161233577892365,0.0020263417052013575
751,0.9113365291709268,0.00017307022583505085
752,0.9070561204571668,0.0011862410450723868
753,0.9040571126492101,0.00017307022583505085
754,0.901442018715786,0.0020263417052013575
755,0.8967379805657584,0.00017307022583505085
756,0.8925266580810509,0.0011862410450723868
757,0.8895792251375748,0.00017307022583505085
758,0.8870065358428731,0.0020263417052013575
759,0.8823838301261671,0.00017307022583505085
760,0.878240475988982,0.0011862410450723868
761,0.8753437153705333,0.00017307022583505085
762,0.8728127403351282,0.0020263417052013575
763,0.868269934822628,0.00017307022583505085
764,0.8641934492667331,0.0011862410450723868
765,0.8613464743112985,0.00017307022583505085
766,0.8588565344213077,0.0020263417052013575
767,0.8543922222326448,0.00017307022583505085
768,0.8503815233131767,0.0011862410450723868
769,0.8475834629564959,0.00017307022583505085
770,0.8451338901794392,0.0020263417052013575
771,0.840746689333952,0.00017307022583505085
772,0.8368007126383288,0.0011862410450723868
773,0.834050711139138,0.00017307022583505085
774,0.8316408483427996,0.0020263417052013575
775,0.8273294013184751,0.00017307022583505085
776,0.823447099681921,0.0011862410450723868
777,0.8207443163520222,0.00017307022583505085
778,0.8183735171262988,0.0020263417052013575
779,0.8141364904264866,0.00017307022583505085
780,0.8103168336522473,0.0011862410450723868
781,0.8076604425913361,0.00017307022583505085
782,0.8053280710729678,0.0020263417052013575
783,0.8011641548007918,0.00017307022583505085
784,0.7974061293848722,0.0011862410450723868
785,0.7947953192200493,0.00017307022583505085
786,0.7925007499202469,0.0020263417052013575
787,0.78840865736055,0.00017307022583505085
788,0.7847112662208816,0.0011862410450723868
789,0.7821452398507313,0.00017307022583505085
790,0.7798878574856145,0.0020263417052013575
791,0.7758663246942703,0.00017307022583505085
792,0.7722285869043662,0.0011862410450723868
793,0.7697065612475599,0.00017307022583505085
794,0.7674857605713711,0.0020263417052013575
795,0.7635335459719227,0.00017307022583505085
796,0.7599544964987385,0.0011862410450723868
797,0.7574757022470534,0.00017307022583505085
798,0.7552908878881074,0.0020263417052013575
799,0.7514067718754887,0.00017307022583505085
800,0.747885461321652,0.0011862410450723868
801,0.745449142697353,0.00017307022583505085
802,0.7432997289966581,0.0020263417052013575
803,0.7394825135479753,0.00017307022583505085
804,0.736018007898124,0.0011201341357229247
805,0.7336350451641325,0.00017307022583505085
806,0.7317214813103655,0.0023063752334329486
807,0.7275186833071801,0.00017307022583505085
808,0.7236613669381962,0.0010131708376801378
809,0.7215268859569327,0.00017307022583505085
810,0.719772771012316,0.0024794454820645565
811,0.7152871490604221,0.00017307022583505085
812,0.7113044411062708,0.000972314470120384
813,0.7092804411521061,0.0002391771720701165
814,0.7074077511277586,0.002092448628639867
815,0.7036773272915399,0.00017307022583505085
816,0.7002915400323969,0.0011201341357229247
817,0.6980748529715857,0.00017307022583505085
818,0.6962133444159697,0.002199411942434686
819,0.6923412025260877,0.00017307022583505085
820,0.6888899643054279,0.0010792777725169254
821,0.6867715592274928,0.00017307022583505085
822,0.6850028022986012,0.0023063752334329486
823,0.6810423584174303,0.00017307022583505085
824,0.6774839468967079,0.0010131708376801378
825,0.6754791417692555,0.0002391771720701165
826,0.6736657798371468,0.0020263417052013575
827,0.6702142572682326,0.00017307022583505085
828,0.6671015687935765,0.0011862410450723868
829,0.6649374831129637,0.00017307022583505085
830,0.6630368345260689,0.0020263417052013575
831,0.6596445716651409,0.00017307022583505085
832,0.6565820820034645,0.0011862410450723868
833,0.6544549566448431,0.00017307022583505085
834,0.6525850877641125,0.0020263417052013575
835,0.6492510435648516,0.00017307022583505085
836,0.6462379407920805,0.0011862410450723868
837,0.6441471305364531,0.00017307022583505085
838,0.6423075405761454,0.0020263417052013575
839,0.6390306924015641,0.00017307022583505085
840,0.63606617774694,0.0011862410450723868
841,0.6340110487152664,0.00017307022583505085
842,0.6322012450576991,0.0020263417052013575
843,0.6289805883541217,0.00017307022583505085
844,0.6260638759868494,0.0011862410450723868
845,0.624043805440351,0.00017307022583505085
846,0.6222633035024299,0.0020263417052013575
847,0.6190978514792564,0.00017307022583505085
848,0.6162281682986177,0.0011862410450723868
849,0.614242544442611,0.00017307022583505085
850,0.612490867544544,0.0020263417052013575
851,0.609379650859657,0.00017307022583505085
852,0.6065562362885601,0.0011862410450723868
853,0.6046044580797272,0.00017307022583505085
854,0.6028811373159078,0.0020263417052013575
855,0.5998232037666797,0.00017307022583505085
856,0.597045309548511,0.0011201341357229247
857,0.5951360148752238,0.00017307022583505085
858,0.5936017890246436,0.0023063752334329486
859,0.5902346774114189,0.00017307022583505085
860,0.5871417617404693,0.0010131708376801378
861,0.5854313867103855,0.00017307022583505085
862,0.5840249901215371,0.0024794454820645565
863,0.5804308725737104,0.00017307022583505085
864,0.5772373754856029,0.000972314470120384
865,0.5756153672597629,0.0002391771720701165
866,0.5741139220006386,0.002092448628639867
867,0.5711245738325146,0.00017307022583505085
868,0.5684097114936648,0.0011201341357229247
869,0.5666331614702352,0.00017307022583505085
870,0.5651405874938665,0.002199411942434686
871,0.5620373398751675,0.00017307022583505085
872,0.559269964532881,0.0010792777725169254
873,0.5575720113457584,0.00017307022583505085
874,0.5561537854507373,0.0023063752334329486
875,0.5529794389323335,0.00017307022583505085
876,0.5501260941901408,0.0010131708376801378
877,0.5485190221750895,0.0002391771720701165
878,0.5470650339734463,0.0020263417052013575
879,0.5442982808079819,0.00017307022583505085
880,0.5418023295814093,0.0011862410450723868
881,0.5400674487682048,0.00017307022583505085
882,0.5385434060247155,0.0020263417052013575
883,0.5358238650109486,0.00017307022583505085
884,0.5333681415535453,0.0011862410450723868
885,0.5316627211387007,0.00017307022583505085
886,0.530163334478853,0.0020263417052013575
887,0.5274901780379598,0.00017307022583505085
888,0.5250740318902833,0.0011862410450723868
889,0.5233975586630164,0.00017307022583505085
890,0.5219224271204124,0.0020263417052013575
891,0.5192948422948873,0.00017307022583505085
892,0.516917633533012,0.0011862410450723868
893,0.5152696032942699,0.00017307022583505085
894,0.5138183324405243,0.0020263417052013575
895,0.5112355206353347,0.00017307022583505085
896,0.5088966197000023,0.0011862410450723868
897,0.5072765371038439,0.00017307022583505085
898,0.5058487389417567,0.0020263417052013575
899,0.5033099156700959,0.00017307022583505085
900,0.5010087031986327,0.0011862410450723868
901,0.4994160815963906,0.00017307022583505085
902,0.4980113744549102,0.0020263417052013575
903,0.4955157690884396,0.00017307022583505085
904,0.4932516357494035,0.0011862410450723868
905,0.49168599703659693,0.00017307022583505085
906,0.49030400546746544,0.0020263417052013575
907,0.487850860990982,0.00017307022583505085
908,0.48562320732148906,0.0011201341357229247
909,0.48409152088395246,0.00017307022583505085
910,0.4828611401098408,0.0023063752334329486
911,0.4801596318027554,0.00017307022583505085
912,0.4776793434149345,0.0010131708376801378
913,0.4763070951029955,0.00017307022583505085
914,0.47517919648975043,0.0024794454820645565
915,0.4722952219832131,0.00017307022583505085
916,0.4697342556565755,0.000972314470120384
917,0.4684327677560406,0.0002391771720701165
918,0.46722857055501926,0.002092448628639867
919,0.46482957908801964,0.00017307022583505085
920,0.46265240317798717,0.0011201341357229247
921,0.46122673270072495,0.00017307022583505085
922,0.4600296859415861,0.002199411942434686
923,0.45753900115285684,0.00017307022583505085
924,0.4553196948446562,0.0010792777725169254
925,0.4539569596908357,0.00017307022583505085
926,0.4528195111466748,0.0023063752334329486
927,0.450271430527672,0.00017307022583505085
928,0.4479831657523624,0.0010131708376801378
929,0.44669325793494624,0.0002391771720701165
930,0.4455270305630391,0.0020263417052013575
931,0.4433058757471811,0.00017307022583505085
932,0.44130418130510707,0.0011862410450723868
933,0.43991144768369866,0.00017307022583505085
934,0.43868910633234026,0.0020263417052013575
935,0.43650558743604767,0.00017307022583505085
936,0.4345361322753333,0.0011862410450723868
937,0.43316689390985236,0.00017307022583505085
938,0.43196430529564783,0.0020263417052013575
939,0.42981776425641516,0.00017307022583505085
940,0.42788002725324475,0.0011862410450723868
941,0.4265338758265663,0.00017307022583505085
942,0.4253507188872552,0.0020263417052013575
943,0.4232405092569703,0.00017307022583505085
944,0.4213339777265084,0.0011862410450723868
945,0.42001051208403833,0.00017307022583505085
946,0.41884647099081806,0.0020263417052013575
947,0.4167719577302585,0.00017307022583505085
948,0.4148961272897772,0.0011862410450723868
949,0.4135949533134336,0.00017307022583505085
950,0.41244971738549546,0.0020263417052013575
951,0.4104102766624408,0.00017307022583505085
952,0.408564651096726,0.0011862410450723868
953,0.40728538158113753,0.00017307022583505085
954,0.4061586452015854,0.0020263417052013575
955,0.40415366419251675,0.00017307022583505085
956,0.4023377553214351,0.0011862410450723868
957,0.4010800098523231,0.00017307022583505085
958,0.39997147238547504,0.0020263417052013575
959,0.3980003490807807,0.00017307022583505085
960,0.3962136766289961,0.0011862410450723868
961,0.39497708146369376,0.00017307022583505085
962,0.39388644717373317,0.0020263417052013575
963,0.39194859018635747,0.00017307022583505085
964,0.39019068165517057,0.0011862410450723868
965,0.388974869605253,0.00017307022583505085
966,0.38790184757620666,0.0020263417052013575
967,0.3859966759536917,0.00017307022583505085
968,0.3842670664949476,0.0011201341357229247
969,0.38307747615490423,0.00017307022583505085
970,0.38212214175463916,0.0023063752334329486
971,0.3800237515534013,0.00017307022583505085
972,0.3780979716817777,0.0010131708376801378
973,0.3770320636719282,0.00017307022583505085
974,0.3761562728122134,0.0025455524055030656
975,0.37391338050812345,0.00017307022583505085
976,0.3718240350697188,0.0009062075238853184
977,0.37084966332947933,0.0002391771720701165
978,0.3699788327018154,0.0023063752334329486
979,0.3679202561312666,0.00017307022583505085
980,0.36609331606682816,0.0010131708376801378
981,0.3650530183934354,0.0002391771720701165
982,0.3641201905885096,0.0020263417052013575
983,0.36232569833453987,0.00017307022583505085
984,0.36072731900549104,0.0011862410450723868
985,0.35960312144803086,0.00017307022583505085
986,0.3586263059319683,0.0020263417052013575
987,0.3568619696910893,0.00017307022583505085
988,0.3552893141711847,0.0011862410450723868
989,0.3541839366344163,0.00017307022583505085
990,0.35322288648045225,0.0020263417052013575
991,0.3514881806596115,0.00017307022583505085
992,0.34994083327027486,0.0011862410450723868
993,0.34885394965893074,0.00017307022583505085
994,0.3479084087439983,0.0020263417052013575
995,0.3462028170124411,0.00017307022583505085
996,0.34468036880538283,0.0011862410450723868
997,0.3436116587362673,0.00017307022583505085
998,0.3426813751111205,0.0020263417052013575
999,0.34100439023663265,0.00017307022583505085
1000,0.33950643888474547,0.0011862410450723868
1001,0.3384555875863073,0.00017307022583505085
1002,0.3375403134073622,0.0020263417052013575
1003,0.33589143709540714,0.00017307022583505085
1004,0.33441758678542777,0.0011862410450723868
1005,0.33338428499911477,0.00017307022583505085
1006,0.33248377646140925,0.0020263417052013575
1007,0.3308625191971152,0.00017307022583505085
1008,0.32941238052399996,0.0011862410450723868
1009,0.3283963244073448,0.00017307022583505085
1010,0.32751034167859433,0.0020263417052013575
1011,0.32591622257152714,0.00017307022583505085
1012,0.3244894124345778,0.0011862410450723868
1013,0.3234903034659848,0.00017307022583505085
1014,0.32261861062171526,0.0020263417052013575
1015,0.32105115725341216,0.00017307022583505085
1016,0.3196472987540569,0.0011862410450723868
1017,0.3186648436392698,0.00017307022583505085
1018,0.31780720859901057,0.0020263417052013575
1019,0.31626595687319814,0.00017307022583505085
1020,0.3148846792144566,0.0011862410450723868
1021,0.3139185897946683,0.00017307022583505085
1022,0.31307478425918944,0.0020263417052013575
1023,0.31155927825465307,0.00017307022583505085
1024,0.31020021664221287,0.0011862410450723868
1025,0.30925020980379214,0.00017307022583505085
1026,0.3084200091933729,0.0020263417052013575
1027,0.30692980101943385,0.00017307022583505085
1028,0.30559259656435817,0.0011862410450723868
1029,0.30465839415017076,0.00017307022583505085
1030,0.30384157754387026,0.0020263417052013575
1031,0.30237622719841223,0.00017307022583505085
1032,0.301060526821387,0.0011862410450723868
1033,0.30014185554366435,0.00017307022583505085
1034,0.29933820561958896,0.0020263417052013575
1035,0.29789728084960054,0.00017307022583505085
1036,0.2966027371867749,0.0011862410450723868
1037,0.2956993285415334,0.00017307022583505085
1038,0.2949086315180793,0.0020263417052013575
1039,0.2934917076826627,0.00017307022583505085
1040,0.2922179789929987,0.0011862410450723868
1041,0.2913295691759499,0.00017307022583505085
1042,0.29055161475401375,0.0020263417052013575
1043,0.2891582746898174,0.00017307022583505085
1044,0.2879050247639424,0.0011862410450723868
1045,0.28703135458788775,0.00017307022583505085
1046,0.28626593589400956,0.0020263417052013575
1047,0.2848957697830353,0.00017307022583505085
1048,0.2836626678535802,0.0011862410450723868
1049,0.28280348266726385,0.00017307022583505085
1050,0.2820503961977108,0.0020263417052013575
1051,0.28070300143746896,0.00017307022583505085
1052,0.2794897220908591,0.0011862410450723868
1053,0.27864477169924473,0.00017307022583505085
1054,0.27790381726500346,0.0020263417052013575
1055,0.2765787983409596,0.00017307022583505085
1056,0.2753850214306358,0.0011862410450723868
1057,0.27455406001658295,0.00017307022583505085
1058,0.2738250406892529,0.0020263417052013575
1059,0.272522009049533,0.00017307022583505085
1060,0.27134741961057623,0.0011862410450723868
1061,0.27053020565790203,0.00017307022583505085
1062,0.26981292771647286,0.0020263417052013575
1063,0.26853150164877715,0.00017307022583505085
1064,0.2673757898139289,0.0011862410450723868
1065,0.2665720860318197,0.00017307022583505085
1066,0.26586635891032273,0.0020263417052013575
1067,0.26460616342103155,0.00017307022583505085
1068,0.2634690243380777,0.0011862410450723868
1069,0.2626785975868308,0.00017307022583505085
1070,0.2619842338228389,0.0020263417052013575
1071,0.2607449005182431,0.00017307022583505085
1072,0.25962603426871805,0.0011862410450723868
1073,0.25884865548678715,0.00017307022583505085
1074,0.25816547067076256,0.0020263417052013575
1075,0.256946637640406,0.00017307022583505085
1076,0.2558457491596431,0.0011862410450723868
1077,0.25508119329197676,0.00017307022583505085
1078,0.25440900601744587,0.0020263417052013575
1079,0.2532103177195224,0.00017307022583505085
1080,0.2521271167179821,0.0011862410450723868
1081,0.2513751626456133,0.00017307022583505085
1082,0.25071379446015735,0.0020263417052013575
1083,0.24953490160894345,0.00017307022583505085
1084,0.24846910249482848,0.0011862410450723868
1085,0.24772953296570813,0.00017307022583505085
1086,0.24707880832274892,0.0020263417052013575
1087,0.2459193677780205,0.00017307022583505085
1088,0.24487068958113947,0.0011862410450723868
1089,0.24414329114218755,0.00017307022583505085
1090,0.24350303735356932,0.0020263417052013575
1091,0.24236271201198262,0.00017307022583505085
1092,0.2413308783088588,0.0011862410450723868
1093,0.24061544123920747,0.00017307022583505085
1094,0.23998548842854925,0.0020263417052013575
1095,0.23886394711693704,0.00017307022583505085
1096,0.23784868595711928,0.0011862410450723868
1097,0.23714500420253581,0.00017307022583505085
1098,0.23652518525934518,0.0020263417052013575
1099,0.23542210262990362,0.00017307022583505085
1100,0.23442314646348036,0.0011862410450723868
1101,0.23373101757193818,0.00017307022583505085
1102,0.2331211681064822,0.0020263417052013575
1103,0.23203622453381184,0.00017307022583505085
1104,0.23105331014010147,0.0011862410450723868
1105,0.23037253519849138,0.00017307022583505085
1106,0.229772493497396,0.0020263417052013575
1107,0.22870537497736462,0.00017307022583505085
1108,0.22773824339476276,0.0011862410450723868
1109,0.22706862696670999,0.00017307022583505085
1110,0.2264782339492907,0.0020263417052013575
1111,0.2254286319996821,0.00017307022583505085
1112,0.22447702845664871,0.0011862410450723868
1113,0.2238183785214339,0.00017307022583505085
1114,0.223237477696742,0.0020263417052013575
1115,0.22220508925966861,0.00017307022583505085
1116,0.22126876310682217,0.0011862410450723868
1117,0.22062089099936705,0.00017307022583505085
1118,0.22004932842393202,0.0020263417052013575
1119,0.21903385576996934,0.00017307022583505085
1120,0.2181125604133067,0.0011862410450723868
1121,0.21747528076522354,0.00017307022583505085
1122,0.21691290500148974,0.0020263417052013575
1123,0.21591405563551042,0.00017307022583505085
1124,0.21500754847067882,0.0011862410450723868
1125,0.2143806791523545,0.00017307022583505085
1126,0.21382734122779867,0.0020263417052013575
1127,0.21284482779646832,0.00017307022583505085
1128,0.21195287014413566,0.0011862410450723868
1129,0.21133623220783307,0.00017307022583505085
1130,0.21079178557474534,0.0020263417052013575
1131,0.20982532577565954,0.00017307022583505085
1132,0.2089476828179092,0.0011201341357229247
1133,0.2083440451813592,0.00017307022583505085
1134,0.20785927241792898,0.0023063752334329486
1135,0.20679421432558046,0.00017307022583505085
1136,0.20581698312596344,0.0010131708376801378
1137,0.2052758361223758,0.00017307022583505085
1138,0.2048313808627545,0.0025455524055030656
1139,0.20369230227978588,0.00017307022583505085
1140,0.20263202689948376,0.0009062075238853184
1141,0.2021371134022853,0.0002391771720701165
1142,0.20169509022546503,0.0023063752334329486
1143,0.20064902777488175,0.00017307022583505085
1144,0.19972186083063054,0.0010131708376801378
1145,0.1991931865256211,0.0002391771720701165
1146,0.19871964441421594,0.0020263417052013575
1147,0.19780726904247697,0.00017307022583505085
1148,0.19699603991493428,0.0011862410450723868
1149,0.196424382165599,0.00017307022583505085
1150,0.1959285345332811,0.0020263417052013575
1151,0.1950309899151438,0.00017307022583505085
1152,0.19423277385999432,0.0011862410450723868
1153,0.19367039368077374,0.00017307022583505085
1154,0.1931825063196501,0.0020263417052013575
1155,0.19229953683900955,0.00017307022583505085
1156,0.19151412386919986,0.0011862410450723868
1157,0.1909608622089818,0.00017307022583505085
1158,0.19048080608744988,0.0020263417052013575
1159,0.18961216061426442,0.00017307022583505085
1160,0.18883934413974246,0.0011862410450723868
1161,0.18829504472194894,0.00017307022583505085
1162,0.18782269290831186,0.0020263417052013575
1163,0.18696812471941499,0.00017307022583505085
1164,0.1862077014920939,0.0011862410450723868
1165,0.18567221076598764,0.00017307022583505085
1166,0.18520743839419895,0.0020263417052013575
1167,0.18436670509549427,0.00017307022583505085
1168,0.18361847515510307,0.0011862410450723868
1169,0.18309164224794441,0.00017307022583505085
1170,0.18263432648391567,0.0020263417052013575
1171,0.18180718993396355,0.00017307022583505085
1172,0.18107095655477773,0.0011862410450723868
1173,0.1805526332248311,0.00017307022583505085
1174,0.18010265323328295,0.0020263417052013575
1175,0.17928887946822547,0.00017307022583505085
1176,0.17856444910666938,0.0011862410450723868
1177,0.1780544896970295,0.00017307022583505085
1178,0.17761172660888735,0.0020263417052013575
1179,0.1768110857687103,0.00017307022583505085
1180,0.1760982680117942,0.0011862410450723868
1181,0.1755965294050253,0.00017307022583505085
1182,0.17516086628534822,0.0020263417052013575
1183,0.17437313254143777,0.00017307022583505085
1184,0.17367174005605224,0.0011862410450723868
1185,0.17317808162962864,0.00017307022583505085
1186,0.17274940344606457,0.0020263417052013575
1187,0.17197435493005434,0.00017307022583505085
1188,0.1712842034130647,0.0011862410450723868
1189,0.1707984869955922,0.00017307022583505085
1190,0.17037668058734254,0.0020263417052013575
1191,0.16961409932121138,0.00017307022583505085
1192,0.16893500745037426,0.0011862410450723868
1193,0.16845709727857922,0.00017307022583505085
1194,0.16804205132587713,0.0020263417052013575
1195,0.16729172315328894,0.00017307022583505085
1196,0.16662351253896893,0.0011862410450723868
1197,0.1661532752154489,0.00017307022583505085
1198,0.16574488020953163,0.0020263417052013575
1199,0.165006594728382,0.00017307022583505085
1200,0.16434908986603355,0.0011862410450723868
1201,0.16388639431774737,0.00017307022583505085
1202,0.1634845425313222,0.0020263417052013575
1203,0.1627580930274814,0.00017307022583505085
1204,0.1621111212509272,0.0011862410450723868
1205,0.16165583868841496,0.00017307022583505085
1206,0.1612604241466052,0.0020263417052013575
1207,0.1605456075288379,0.00017307022583505085
1208,0.15990899896428185,0.0011862410450723868
1209,0.15946100284160372,0.00017307022583505085
1210,0.15907192129337358,0.0020263417052013575
1211,0.15836853802939851,0.00017307022583505085
1212,0.15774212555019723,0.0011862410450723868
1213,0.15730129152557615,0.00017307022583505085
1214,0.15691844041561634,0.0020263417052013575
1215,0.15622629446930766,0.00017307022583505085
1216,0.1556099136514693,0.0011862410450723868
1217,0.1551761195486241,0.00017307022583505085
1218,0.15479939798969986,0.0020263417052013575
1219,0.15411829675938826,0.00017307022583505085
1220,0.15351178583779812,0.0011862410450723868
1221,0.15308491160795915,0.00017307022583505085
1222,0.15271422035371301,0.0020263417052013575
1223,0.15204397461158836,0.00017307022583505085
1224,0.15144717443694317,0.0011862410450723868
1225,0.1510271021215338,0.00017307022583505085
1226,0.15066234353972893,0.0020263417052013575
1227,0.15000276737230345,0.00017307022583505085
1228,0.14941552136874098,0.0011862410450723868
1229,0.14900213506271495,0.00017307022583505085
1230,0.14864321310891548,0.0020263417052013575
1231,0.1479941238585503,0.00017307022583505085
1232,0.1474162779819692,0.0011862410450723868
1233,0.14700946379779967,0.00017307022583505085
1234,0.14665628398948252,0.0020263417052013575
1235,0.14601750219694137,0.00017307022583505085
1236,0.14544890489399365,0.0011862410450723868
1237,0.14504855092628155,0.00017307022583505085
1238,0.14470102031736912,0.0020263417052013575
1239,0.1440723696653884,0.00017307022583505085
1240,0.1435128718331431,0.0011862410450723868
1241,0.14311886812386074,0.00017307022583505085
1242,0.14277689527967477,0.0020263417052013575
1243,0.14215820253753442,0.00017307022583505085
1244,0.14160765748378965,0.0011862410450723868
1245,0.14121989598812948,0.00017307022583505085
1246,0.140883390960747,0.0020263417052013575
1247,0.140274485929818,0.00017307022583505085
1248,0.13973274933405438,0.0011862410450723868
1249,0.13935112388687906,0.00017307022583505085
1250,0.13901999819089608,0.0020263417052013575
1251,0.13842071365115352,0.00017307022583505085
1252,0.13788764352613245,0.0011862410450723868
1253,0.1375120498090161,0.00017307022583505085
1254,0.13718621639770545,0.0020263417052013575
1255,0.13659638805518332,0.00017307022583505085
1256,0.13607184470915584,0.0011862410450723868
1257,0.13570218021800148,0.00017307022583505085
1258,0.13538155345985708,0.0020263417052013575
1259,0.1348010198950408,0.00017307022583505085
1260,0.13428486589457436,0.0011862410450723868
1261,0.1339210299078062,0.00017307022583505085
1262,0.13360552556347652,0.0020263417052013575
1263,0.1330341281805971,0.00017307022583505085
1264,0.13252622831400238,0.0011862410450723868
1265,0.1321681218613126,0.00017307022583505085
1266,0.1318576570609066,0.0020263417052013575
1267,0.13129524003813833,0.00017307022583505085
1268,0.13079546127949324,0.0011862410450723868
1269,0.13044298711113878,0.00017307022583505085
1270,0.1301374803319053,0.0020263417052013575
1271,0.1295838905724406,0.00017307022583505085
1272,0.12909210204619626,0.0011862410450723868
1273,0.12874516460283797,0.00017307022583505085
1274,0.12844453564720248,0.0020263417052013575
1275,0.12789962273119435,0.00017307022583505085
1276,0.1274156956773538,0.0011862410450723868
1277,0.12707420106042577,0.00017307022583505085
1278,0.12677837103439787,0.0020263417052013575
1279,0.12624198717175286,0.00017307022583505085
1280,0.12576579491161258,0.0011862410450723868
1281,0.12542965085420632,0.00017307022583505085
1282,0.12513854214612855,0.0020263417052013575
1283,0.12461054213012854,0.00017307022583505085
1284,0.12414196003258116,0.0011862410450723868
1285,0.1238110758708526,0.00017307022583505085
1286,0.12352461213050367,0.0020263417052013575
1287,0.12300485329225429,0.00017307022583505085
1288,0.12254375874062938,0.0011862410450723868
1289,0.12221804538569654,0.00017307022583505085
1290,0.1219361515037314,0.0020263417052013575
1291,0.12142449366741398,0.00017307022583505085
1292,0.12097076602686624,0.0011862410450723868
1293,0.1206501359372127,0.00017307022583505085
1294,0.1203727380249401,0.0020263417052013575
1295,0.11986904346385147,0.00017307022583505085
1296,0.11942256404926846,0.0011862410450723868
1297,0.11910693120362083,0.00017307022583505085
1298,0.11883395657311181,0.0020263417052013575
1299,0.11833808996648668,0.00017307022583505085
1300,0.1178987420109247,0.0011862410450723868
1301,0.11758802188161602,0.00017307022583505085
1302,0.11731939902613592,0.0020263417052013575
1303,0.11683122741672734,0.00017307022583505085
1304,0.11639889604034831,0.0011862410450723868
1305,0.11609300556714354,0.00017307022583505085
1306,0.11582866414190367,0.0020263417052013575
1307,0.11534805689431771,0.00017307022583505085
1308,0.11492262907384689,0.0011862410450723868
1309,0.1146214866382323,0.00017307022583505085
1310,0.1143613574414576,0.0020263417052013575
1311,0.113888186201224,0.00017307022583505085
1312,0.11346955073988313,0.0011862410450723868
1313,0.11317307613980485,0.00017307022583505085
1314,0.11291709109410744,0.0020263417052013575
1315,0.11245122974746825,0.00017307022583505085
1316,0.11203927724541367,0.0011862410450723868
1317,0.11174739167046269,0.00017307022583505085
1318,0.11149548380452219,0.0020263417052013575
1319,0.11103680843894341,0.00017307022583505085
1320,0.11063143126416512,0.0011862410450723868
1321,0.11034405727119896,0.00017307022583505085
1322,0.11009616070174019,0.0020263417052013575
1323,0.10964454956710826,0.00017307022583505085
1324,0.10924564182682131,0.0011862410450723868
1325,0.10896270331601034,0.00017307022583505085
1326,0.10871875323007754,0.0020263417052013575
1327,0.1082740867005909,0.00017307022583505085
1328,0.10788154421307308,0.0011862410450723868
1329,0.10760296640437254,0.00017307022583505085
1330,0.10736289904189152,0.0020263417052013575
1331,0.1069250595786222,0.00017307022583505085
1332,0.10653877984551798,0.0011862410450723868
1333,0.10626448925554995,0.00017307022583505085
1334,0.10602824189217225,0.0020263417052013575
1335,0.10559711400629002,0.00017307022583505085
1336,0.10521699618535837,0.0011862410450723868
1337,0.1049469206047014,0.00017307022583505085
1338,0.10471443153493429,0.0020263417052013575
1339,0.1042899017515804,0.00017307022583505085
1340,0.10391584662989024,0.0011862410450723868
1341,0.10364991510077187,0.00017307022583505085
1342,0.10342112362137927,0.0020263417052013575
1343,0.10300308044418086,0.00017307022583505085
1344,0.10263499041173342,0.0011862410450723868
1345,0.10237313320610601,0.00017307022583505085
1346,0.10214797959978264,0.0020263417052013575
1347,0.10173631347599166,0.00017307022583505085
1348,0.10137409249978084,0.0011862410450723868
1349,0.10111624109779194,0.00017307022583505085
1350,0.10089466661710098,0.0020263417052013575
1351,0.10048926990335268,0.00017307022583505085
1352,0.10013282350182819,0.0011862410450723868
1353,0.09987891057066325,0.00017307022583505085
1354,0.09966085742223989,0.0020263417052013575
1355,0.09926162435091303,0.00017307022583505085
1356,0.09891085956888093,0.0011862410450723868
1357,0.0986608189419825,0.00017307022583505085
1358,0.09844623027099302,0.0020263417052013575
1359,0.09805305691716876,0.00017307022583505085
1360,0.09770788230107752,0.0011862410450723868
1361,0.09746164895772512,0.00017307022583505085
1362,0.09725046883258104,0.0020263417052013575
1363,0.09686325308158246,0.00017307022583505085
1364,0.09652357865522192,0.0011862410450723868
1365,0.09628108870047407,0.00017307022583505085
1366,0.09607326209779458,0.0020263417052013575
1367,0.09569190361330071,0.00017307022583505085
1368,0.09535764085389252,0.0011862410450723868
1369,0.09511883149888017,0.00017307022583505085
1370,0.09491430428870008,0.0020263417052013575
1371,0.09453870448142622,0.00017307022583505085
1372,0.09420976629609829,0.0011862410450723868
1373,0.09397457583866292,0.00017307022583505085
1374,0.09377329476988207,0.0020263417052013575
1375,0.09340335676681179,0.00017307022583505085
1376,0.09307965746945697,0.0011862410450723868
1377,0.09284802527513349,0.00017307022583505085
1378,0.09264993796120484,0.0020263417052013575
1379,0.09228556657536384,0.00017307022583505085
1380,0.09196702186387697,0.0011862410450723868
1381,0.09173888834720617,0.00017307022583505085
1382,0.09154394325205593,0.0020263417052013575
1383,0.09118504495282531,0.00017307022583505085
1384,0.09087157188669753,0.0011862410450723868
1385,0.09064687849286851,0.00017307022583505085
1386,0.09045502491704725,0.0020263417052013575
1387,0.09010150780099566,0.00017307022583505085
1388,0.08979302477928786,0.0011862410450723868
1389,0.08957171396610397,0.00017307022583505085
1390,0.08938290203316208,0.002092448628639867
1391,0.08903412234286585,0.00017307022583505085
1392,0.08871191950706372,0.0011201341357229247
1393,0.08850398709889697,0.00017307022583505085
1394,0.08832704995765812,0.002199411942434686
1395,0.08796413857070899,0.00017307022583505085
1396,0.08763561968400578,0.0010792777725169254
1397,0.08743645330227545,0.00017307022583505085
1398,0.08726828133771694,0.0023063752334329486
1399,0.08689623982494464,0.00017307022583505085
1400,0.086557428352405,0.0010131708376801378
1401,0.08636847416588413,0.00017307022583505085
1402,0.08621423174594196,0.0025455524055030656
1403,0.08581565599504559,0.00017307022583505085
1404,0.08544803330370968,0.0009062075238853184
1405,0.08527504281666,0.0002391771720701165
1406,0.08512148961927393,0.002372482168269737
1407,0.08475447300516012,0.00017307022583505085
1408,0.08441546633884983,0.000972314470120384
1409,0.08423718595176766,0.0002391771720701165
1410,0.08407669690165756,0.0021585555933177343
1411,0.08374530783649317,0.00017307022583505085
1412,0.08343972108084706,0.0010792777725169254
1413,0.08325204444139235,0.00017307022583505085
1414,0.08309540341907731,0.0023063752334329486
1415,0.0827441250100446,0.00017307022583505085
1416,0.08242898104332887,0.0010131708376801378
1417,0.08225097429595768,0.0002391771720701165
1418,0.08209027919415983,0.0020263417052013575
1419,0.08178336488317989,0.00017307022583505085
1420,0.08150762431334965,0.0011862410450723868
1421,0.08131500443686793,0.00017307022583505085
1422,0.08114655539249647,0.0020263417052013575
1423,0.0808441560767178,0.00017307022583505085
1424,0.08057279828418899,0.0011862410450723868
1425,0.08038302796287446,0.00017307022583505085
1426,0.08021724285358839,0.0020263417052013575
1427,0.0799192831576732,0.00017307022583505085
1428,0.07965223767662874,0.0011862410450723868
1429,0.07946526951178412,0.00017307022583505085
1430,0.07930210540987723,0.0020263417052013575
1431,0.07900851126837993,0.00017307022583505085
1432,0.07874570877049385,0.0011862410450723868
1433,0.07856149618199244,0.00017307022583505085
1434,0.07840091085603763,0.0020263417052013575
1435,0.0781116094903304,0.00017307022583505085
1436,0.07785298176636389,0.0011862410450723868
1437,0.0776714789783257,0.00017307022583505085
1438,0.07751343088184111,0.0020263417052013575
1439,0.0772283507774425,0.00017307022583505085
1440,0.076973830719142,0.0011862410450723868
1441,0.0767949927458566,0.00017307022583505085
1442,0.07663944100616027,0.0020263417052013575
1443,0.076358511890463,0.00017307022583505085
1444,0.07610803347275684,0.0011862410450723868
1445,0.0759318161048566,0.00017307022583505085
1446,0.07577872051210349,0.0020263417052013575
1447,0.07550187333250503,0.00017307022583505085
1448,0.07525537159597938,0.0011862410450723868
1449,0.07508173138685612,0.00017307022583505085
1450,0.07493105238325605,0.0020263417052013575
1451,0.07465821928566668,0.00017307022583505085
1452,0.07441563031933145,0.0011862410450723868
1453,0.07424452457179066,0.00017307022583505085
1454,0.07409622324099419,0.0020263417052013575
1455,0.0738273375487298,0.00017307022583505085
1456,0.07358859847306273,0.0011862410450723868
1457,0.07341998522621355,0.00017307022583505085
1458,0.07327402328287987,0.0020263417052013575
1459,0.07300901947593122,0.00017307022583505085
1460,0.07277406842619445,0.0011862410450723868
1461,0.07260790644256856,0.00017307022583505085
1462,0.07246424622209893,0.0020263417052013575
1463,0.07220305991676132,0.00017307022583505085
1464,0.07197183602658952,0.0011862410450723868
1465,0.07180808477949009,0.00017307022583505085
1466,0.07166668922792836,0.0020263417052013575
1467,0.0714092571567971,0.00017307022583505085
1468,0.07118170054205285,0.0011862410450723868
1469,0.07102032020312181,0.00017307022583505085
1470,0.0708811528672208,0.0020263417052013575
1471,0.07062741285953945,0.00017307022583505085
1472,0.07040346460242564,0.0011862410450723868
1473,0.07024441602943228,0.00017307022583505085
1474,0.07010744104688263,0.0020263417052013575
1475,0.06985733200923536,0.00017307022583505085
1476,0.06963693414267157,0.0011862410450723868
1477,0.06948017886751405,0.00017307022583505085
1478,0.06934536095733164,0.0020263417052013575
1479,0.06909882285468345,0.00017307022583505085
1480,0.06888191834692808,0.0011862410450723868
1481,0.06872741856384762,0.00017307022583505085
1482,0.06859472301691626,0.0020263417052013575
1483,0.06835169685398373,0.00017307022583505085
1484,0.06813822959351205,0.0011862410450723868
1485,0.06798594814751302,0.00017307022583505085
1486,0.06785534081728496,0.0020263417052013575
1487,0.06761576862023748,0.00017307022583505085
1488,0.06740568340085949,0.0011862410450723868
1489,0.06725558377633377,0.00017307022583505085
1490,0.06712703106967889,0.0020263417052013575
1491,0.06689085586816655,0.00017307022583505085
1492,0.06668409837438753,0.0011862410450723868
1493,0.06653614468393873,0.00017307022583505085
1494,0.06640961355214202,0.0020263417052013575
1495,0.06617677936163797,0.00017307022583505085
1496,0.06597329615425569,0.0011862410450723868
1497,0.06582745312771954,0.00017307022583505085
1498,0.06570291105762902,0.0020263417052013575
1499,0.06547336286208705,0.00017307022583505085
1500,0.06527310136402592,0.0011862410450723868
1501,0.06512933433768457,0.00017307022583505085
1502,0.06500674934300107,0.002092448628639867
1503,0.06478006406441901,0.00017307022583505085
1504,0.06457087905979689,0.0011201341357229247
1505,0.0644356902308634,0.00017307022583505085
1506,0.06432079662911352,0.002199411942434686
1507,0.06408470704280556,0.00017307022583505085
1508,0.06387140479895312,0.0010792777725169254
1509,0.06374180707209325,0.00017307022583505085
1510,0.06363258636209139,0.0023063752334329486
1511,0.06339031910520077,0.00017307022583505085
1512,0.06317031839267703,0.0010131708376801378
1513,0.06304726910660671,0.00017307022583505085
1514,0.06294707387402836,0.0025455524055030656
1515,0.06268725449426266,0.00017307022583505085
1516,0.06244853378700329,0.0009062075238853184
1517,0.06233579758006687,0.0002391771720701165
1518,0.06223599930053877,0.002372482168269737
1519,0.061996507907232525,0.00017307022583505085
1520,0.06177634678886854,0.000972314470120384
1521,0.06166005346794298,0.0002391771720701165
1522,0.06155573027811749,0.0021585555933177343
1523,0.0613392785697075,0.00017307022583505085
1524,0.061140796432149536,0.0010792777725169254
1525,0.061018246484390415,0.00017307022583505085
1526,0.060916445455402826,0.0023063752334329486
1527,0.06068678743039595,0.00017307022583505085
1528,0.060482085734341086,0.0010131708376801378
1529,0.06036576636702091,0.0002391771720701165
1530,0.06026126698154139,0.0020263417052013575
1531,0.06006042818522916,0.00017307022583505085
1532,0.05988129064309847,0.0011862410450723868
1533,0.05975525647939037,0.00017307022583505085
1534,0.059645760513178235,0.0020263417052013575
1535,0.05944768447031963,0.00017307022583505085
1536,0.05927137774360954,0.0011862410450723868
1537,0.05914709618457369,0.00017307022583505085
1538,0.05903931539193542,0.0020263417052013575
1539,0.058843957001124984,0.00017307022583505085
1540,0.05867043567198611,0.0011862410450723868
1541,0.05854787816645828,0.00017307022583505085
1542,0.05844178500325313,0.0020263417052013575
1543,0.05824909994165669,0.00017307022583505085
1544,0.05807831932454605,0.0011862410450723868
1545,0.057957457811156785,0.00017307022583505085
1546,0.05785302517918774,0.0020263417052013575
1547,0.057662969888839545,0.00017307022583505085
1548,0.05749488601869087,0.0011862410450723868
1549,0.05737569291730681,0.00017307022583505085
1550,0.057272894157071444,0.0020263417052013575
1551,0.05708542583141633,0.00017307022583505085
1552,0.05691999545198967,0.0011862410450723868
1553,0.056802443655304735,0.00017307022583505085
1554,0.05670125253886906,0.0020263417052013575
1555,0.05651632910953983,0.00017307022583505085
1556,0.05635350966197165,0.0011862410450723868
1557,0.056237572527247516,0.00017307022583505085
1558,0.056137963251229404,0.0020263417052013575
1559,0.05595554337506127,0.00017307022583505085
1560,0.05579529298659227,0.0011862410450723868
1561,0.05568094432754394,0.00017307022583505085
1562,0.055582891506217806,0.0020263417052013575
1563,0.05540293455249149,0.00017307022583505085
1564,0.05524521202537959,0.0011862410450723868
1565,0.05513242610420317,0.00017307022583505085
1566,0.05503590476271045,0.0020263417052013575
1567,0.05485837080062271,0.00017307022583505085
1568,0.05470313560123298,0.0011862410450723868
1569,0.0545918871207729,0.00017307022583505085
1570,0.054496872688448994,0.0020263417052013575
1571,0.05432172247480175,0.00017307022583505085
1572,0.054168934722878544,0.0011862410450723868
1573,0.05405919881893653,0.00017307022583505085
1574,0.05396566712274258,0.002092448628639867
1575,0.05379257520906293,0.00017307022583505085
1576,0.05363296926966036,0.0011201341357229247
1577,0.05352971410339361,0.00017307022583505085
1578,0.05344204012084132,0.002199411942434686
1579,0.053261636954981074,0.00017307022583505085
1580,0.05309887968145702,0.0010792777725169254
1581,0.05299983067688229,0.00017307022583505085
1582,0.05291647451714308,0.0023063752334329486
1583,0.05273120974719792,0.00017307022583505085
1584,0.052563331952574205,0.0010131708376801378
1585,0.05246923033771451,0.00017307022583505085
1586,0.05239274982723525,0.0025455524055030656
1587,0.05219390096002639,0.00017307022583505085
1588,0.05201173110991879,0.0009062075238853184
1589,0.05192546718380695,0.0002391771720701165
1590,0.05184925992792679,0.002372482168269737
1591,0.051665824028141585,0.00017307022583505085
1592,0.05149780379597576,0.000972314470120384
1593,0.05140875319115367,0.0002391771720701165
1594,0.05132908040001546,0.0021585555933177343
1595,0.051163168043655734,0.00017307022583505085
1596,0.0510116778326491,0.0010792777725169254
1597,0.05091776113591325,0.00017307022583505085
1598,0.050840026507941664,0.0023063752334329486
1599,0.05066386403023134,0.00017307022583505085
1600,0.050507619574283416,0.0010131708376801378
1601,0.050418428049746604,0.0002391771720701165
1602,0.05033859555368977,0.0020263417052013575
1603,0.05018442986944287,0.00017307022583505085
1604,0.05004768008999031,0.0011862410450723868
1605,0.04995094193093505,0.00017307022583505085
1606,0.04986731896203442,0.0020263417052013575
1607,0.049715160804122506,0.00017307022583505085
1608,0.04958056220151966,0.0011862410450723868
1609,0.04948510320095405,0.00017307022583505085
1610,0.04940278035086855,0.0020263417052013575
1611,0.049252597564374764,0.00017307022583505085
1612,0.04912011567988254,0.0011862410450723868
1613,0.049025915361227065,0.00017307022583505085
1614,0.04894487180583751,0.0020263417052013575
1615,0.04879663278790281,0.00017307022583505085
1616,0.04866623371791427,0.0011862410450723868
1617,0.048573271953961536,0.00017307022583505085
1618,0.048493487205835205,0.0020263417052013575
1619,0.04834716089595031,0.00017307022583505085
1620,0.048218811283022786,0.0011862410450723868
1621,0.04812706828983969,0.00017307022583505085
1622,0.04804852219276113,0.0020263417052013575
1623,0.047904078063228286,0.00017307022583505085
1624,0.047777745087263894,0.0011862410450723868
1625,0.047687201418199966,0.00017307022583505085
1626,0.047609874141796085,0.002092448628639867
1627,0.04746705523262628,0.00017307022583505085
1628,0.04733507564584395,0.0011201341357229247
1629,0.04724983156378705,0.00017307022583505085
1630,0.04717734165276215,0.002199411942434686
1631,0.04702839963361161,0.00017307022583505085
1632,0.04689380623835717,0.0010792777725169254
1633,0.04681198904363173,0.00017307022583505085
1634,0.04674306293360276,0.0023063752334329486
1635,0.04659001506508331,0.00017307022583505085
1636,0.04645117925110448,0.0010131708376801378
1637,0.04637340442840027,0.00017307022583505085
1638,0.04631015768387354,0.0025455524055030656
1639,0.0461457856753171,0.00017307022583505085
1640,0.04599512183016203,0.0009062075238853184
1641,0.045923784283446845,0.0002391771720701165
1642,0.04586075623753396,0.002372482168269737
1643,0.04570902510413672,0.00017307022583505085
1644,0.04557005688994966,0.000972314470120384
1645,0.04549637573088023,0.0002391771720701165
1646,0.045430471677472946,0.0021585555933177343
1647,0.045293148564592205,0.00017307022583505085
1648,0.04516784515659043,0.0010792777725169254
1649,0.04509009483481294,0.00017307022583505085
1650,0.04502578971537425,0.0023063752334329486
1651,0.04487989351840012,0.00017307022583505085
1652,0.04475065127086019,0.0010131708376801378
1653,0.04467677418192118,0.0002391771720701165
1654,0.0446107196206907,0.0020263417052013575
1655,0.044482963369496024,0.00017307022583505085
1656,0.044369838336975755,0.0011862410450723868
1657,0.04428965849162237,0.00017307022583505085
1658,0.04422047034828734,0.0020263417052013575
1659,0.04409430136347001,0.00017307022583505085
1660,0.04398294930950144,0.0011862410450723868
1661,0.04390378514914468,0.00017307022583505085
1662,0.043835666156920916,0.0020263417052013575
1663,0.043711059440057994,0.00017307022583505085
1664,0.043601452000249785,0.0011862410450723868
1665,0.04352328751396156,0.00017307022583505085
1666,0.04345622058420269,0.0020263417052013575
1667,0.04333315156408038,0.00017307022583505085
1668,0.04322526083067834,0.0011862410450723868
1669,0.04314808027945539,0.00017307022583505085
1670,0.043082048599500725,0.0020263417052013575
1671,0.04296049312460205,0.00017307022583505085
1672,0.04285429163912109,0.0011862410450723868
1673,0.04277807955114065,0.00017307022583505085
1674,0.04271306657984132,0.002092448628639867
1675,0.042592802879535686,0.00017307022583505085
1676,0.0424818494839283,0.0011201341357229247
1677,0.042410060750655294,0.00017307022583505085
1678,0.042349108102552,0.002199411942434686
1679,0.04222361481869275,0.00017307022583505085
1680,0.04211045873427597,0.0010792777725169254
1681,0.04204152004679321,0.00017307022583505085
1682,0.04198355727521719,0.0023063752334329486
1683,0.04185452330119257,0.00017307022583505085
1684,0.04173779566248005,0.0010131708376801378
1685,0.04167223203126132,0.00017307022583505085
1686,0.04161903739150356,0.0025455524055030656
1687,0.04148036201659253,0.00017307022583505085
1688,0.04135368677371823,0.0009062075238853184
1689,0.0412935239703165,0.0002391771720701165
1690,0.04124049240638209,0.002372482168269737
1691,0.04111240018505608,0.00017307022583505085
1692,0.04099555009685301,0.0010131708376801378
1693,0.040933117042000325,0.00017307022583505085
1694,0.04088019310806886,0.002438589121549326
1695,0.040749572780761814,0.00017307022583505085
1696,0.04063255908216971,0.000972314470120384
1697,0.0405718714314145,0.0002391771720701165
1698,0.040516617056189995,0.0020924486470826685
1699,0.04040411711488095,0.00017307022583505085
1700,0.040304561429516765,0.0011201341357229247
1701,0.0402377281655492,0.00017307022583505085
1702,0.04018285061775653,0.002265518884315997
1703,0.040065236511142174,0.00017307022583505085
1704,0.039957955908158524,0.0010131708376801378
1705,0.03989648685133353,0.0002391771720701165
1706,0.03984163063676753,0.0020263417052013575
1707,0.03973526027093242,0.00017307022583505085
1708,0.03964134935497837,0.0011862410450723868
1709,0.039574584716393794,0.00017307022583505085
1710,0.03951713341039565,0.0020263417052013575
1711,0.03941201540893289,0.00017307022583505085
1712,0.039319570341409545,0.0011862410450723868
1713,0.03925361108477153,0.00017307022583505085
1714,0.03919704159101752,0.0020263417052013575
1715,0.03909315662532201,0.00017307022583505085
1716,0.03900215398761334,0.0011862410450723868
1717,0.038936987646812526,0.00017307022583505085
1718,0.03888128590319485,0.0020263417052013575
1719,0.038778614973155566,0.00017307022583505085
1720,0.03868903172338886,0.0011862410450723868
1721,0.0386246460428882,0.00017307022583505085
1722,0.03856979821414038,0.002092448628639867
1723,0.03846814832127489,0.00017307022583505085
1724,0.038374552159363674,0.0011201341357229247
1725,0.038313869340458925,0.00017307022583505085
1726,0.03826244076428293,0.002199411942434686
1727,0.03815630362330068,0.00017307022583505085
1728,0.03806084455952364,0.0010792777725169254
1729,0.038002538132266464,0.00017307022583505085
1730,0.03795362603782446,0.0023063752334329486
1731,0.03784441992804235,0.00017307022583505085
1732,0.03774594351898302,0.0010131708376801378
1733,0.03769046352329984,0.0002391771720701165
1734,0.03764026288596196,0.0020263417052013575
1735,0.03754451133670885,0.00017307022583505085
1736,0.03745832443055348,0.0011862410450723868
1737,0.03739811647838151,0.00017307022583505085
1738,0.037345455980481584,0.0020263417052013575
1739,0.03725079225834069,0.00017307022583505085
1740,0.03716594794713687,0.0011862410450723868
1741,0.03710644364378185,0.00017307022583505085
1742,0.037054588696692974,0.0020263417052013575
1743,0.03696099623151679,0.00017307022583505085
1744,0.03687747308144146,0.0011862410450723868
1745,0.036818661661187316,0.00017307022583505085
1746,0.03676759943469988,0.0020263417052013575
1747,0.036675061937233196,0.00017307022583505085
1748,0.03659283885912078,0.0011862410450723868
1749,0.0365347097376087,0.00017307022583505085
1750,0.03648442760833249,0.0020263417052013575
1751,0.036392929065267005,0.00017307022583505085
1752,0.03631198530905423,0.0011862410450723868
1753,0.036254528080120085,0.00017307022583505085
1754,0.03620501362813508,0.0020263417052013575
1755,0.03611453829725429,0.00017307022583505085
1756,0.03603485344650671,0.0011862410450723868
1757,0.03597805787907501,0.00017307022583505085
1758,0.03592929888463516,0.0020263417052013575
1759,0.035839831290043145,0.00017307022583505085
1760,0.035761385256578834,0.0011862410450723868
1761,0.035705241291608854,0.00017307022583505085
1762,0.03565722573189864,0.0020263417052013575
1763,0.03556875065933661,0.00017307022583505085
1764,0.035491523677929994,0.0011862410450723868
1765,0.03543602142542065,0.00017307022583505085
1766,0.03538873747136625,0.002092448628639867
1767,0.03530108886768287,0.00017307022583505085
1768,0.035220397869746296,0.0011201341357229247
1769,0.03516805828199484,0.00017307022583505085
1770,0.03512371755863994,0.002199411942434686
1771,0.03503214300729338,0.00017307022583505085
1772,0.034949841524470476,0.0010792777725169254
1773,0.03489952353673646,0.00017307022583505085
1774,0.03485734779661502,0.0023063752334329486
1775,0.03476306466718164,0.00017307022583505085
1776,0.034678157495573084,0.0010131708376801378
1777,0.034630253252826274,0.0002391771720701165
1778,0.03458695695565609,0.0020263417052013575
1779,0.03450423856585441,0.00017307022583505085
1780,0.03442992187746276,0.0011862410450723868
1781,0.03437790063580421,0.00017307022583505085
1782,0.034332484852302246,0.0020263417052013575
1783,0.03425065577031399,0.00017307022583505085
1784,0.03417749240561399,0.0011862410450723868
1785,0.034126049723982345,0.00017307022583505085
1786,0.034081324322503916,0.0020263417052013575
1787,0.034000371305994176,0.00017307022583505085
1788,0.033928342875612534,0.0011862410450723868
1789,0.033877470077112316,0.00017307022583505085
1790,0.033833424084678536,0.0020263417052013575
1791,0.03375333411444468,0.00017307022583505085
1792,0.03368242252452069,0.0011862410450723868
1793,0.033632111077576264,0.00017307022583505085
1794,0.03358873369790267,0.0020263417052013575
1795,0.0335094939739448,0.00017307022583505085
1796,0.03343968142136668,0.0011862410450723868
1797,0.033389922937190515,0.00017307022583505085
1798,0.033347203547826776,0.0020263417052013575
1799,0.033268801485489906,0.00017307022583505085
1800,0.03320007045320662,0.0011862410450723868
1801,0.03315085668330969,0.00017307022583505085
1802,0.03310878483282655,0.002092448628639867
1803,0.033031084051394065,0.00017307022583505085
1804,0.03295926484216184,0.0011201341357229247
1805,0.0329128306664019,0.00017307022583505085
1806,0.032873375619011304,0.002199411942434686
1807,0.032792148305092333,0.00017307022583505085
1808,0.03271889130361644,0.0010792777725169254
1809,0.03267422710870279,0.00017307022583505085
1810,0.03263669593851311,0.0023063752334329486
1811,0.03255302145498704,0.00017307022583505085
1812,0.03247744056661868,0.0010131708376801378
1813,0.032434894769147224,0.0002391771720701165
1814,0.03239636879499058,0.0020263417052013575
1815,0.032322914566492535,0.00017307022583505085
1816,0.032256759751398745,0.0011862410450723868
1817,0.032210542523402566,0.00017307022583505085
1818,0.03217011912530914,0.0020263417052013575
1819,0.03209741527285941,0.00017307022583505085
1820,0.0320322838458539,0.0011862410450723868
1821,0.03198655777640311,0.00017307022583505085
1822,0.03194674560078463,0.0020263417052013575
1823,0.03187478119502626,0.00017307022583505085
1824,0.03181065685557512,0.0011862410450723868
1825,0.03176541471807073,0.00017307022583505085
1826,0.0317262040672897,0.0020263417052013575
1827,0.03165496836198737,0.00017307022583505085
1828,0.03159183507135606,0.0011862410450723868
1829,0.031547069759573824,0.00017307022583505085
1830,0.03150845109200866,0.0020263417052013575
1831,0.03143793352082059,0.00017307022583505085
1832,0.03137577549785626,0.0011862410450723868
1833,0.0313314800238499,0.00017307022583505085
1834,0.031293443951372055,0.0020263417052013575
1835,0.031223634124682677,0.00017307022583505085
1836,0.031162435841663214,0.0011862410450723868
1837,0.031118603333703435,0.00017307022583505085
1838,0.031081140619193117,0.002092448628639867
1839,0.031011916439776587,0.00017307022583505085
1840,0.03094796529467742,0.0011201341357229247
1841,0.03090658778464811,0.00017307022583505085
1842,0.03087145188720135,0.002199411942434686
1843,0.030799045744025567,0.00017307022583505085
1844,0.03073381123878367,0.0010792777725169254
1845,0.03069399117768123,0.00017307022583505085
1846,0.030660565140027355,0.0023063752334329486
1847,0.03058593433321006,0.00017307022583505085
1848,0.0305186275211228,0.0010131708376801378
1849,0.03048067841106071,0.0002391771720701165
1850,0.030446358872570068,0.0020263417052013575
1851,0.030380807650179236,0.00017307022583505085
1852,0.03032189075275709,0.0011862410450723868
1853,0.030280641361828595,0.00017307022583505085
1854,0.03024463407160557,0.0020263417052013575
1855,0.03017971678760377,0.00017307022583505085
1856,0.03012170820179679,0.0011862410450723868
1857,0.030080876358333977,0.00017307022583505085
1858,0.030045410419777863,0.0020263417052013575
1859,0.029981118072760868,0.00017307022583505085
1860,0.029924003346750567,0.0011862410450723868
1861,0.029883583039255066,0.00017307022583505085
1862,0.029848649879198993,0.0020263417052013575
1863,0.029784973617555024,0.00017307022583505085
1864,0.029728738531500765,0.0011862410450723868
1865,0.029688723847971388,0.00017307022583505085
1866,0.029654315031044407,0.0020263417052013575
1867,0.029591246150313607,0.00017307022583505085
1868,0.029535876712616278,0.0011862410450723868
1869,0.029496261838814465,0.00017307022583505085
1870,0.029462369065217285,0.002092448628639867
1871,0.029399799828908127,0.00017307022583505085
1872,0.0293419366073139,0.0011201341357229247
1873,0.02930452259938297,0.00017307022583505085
1874,0.029272732587373163,0.002199411942434686
1875,0.02920725300629262,0.00017307022583505085
1876,0.029148225744317257,0.0010792777725169254
1877,0.029112202907076105,0.00017307022583505085
1878,0.029081957394993356,0.0023063752334329486
1879,0.029014430445979476,0.00017307022583505085
1880,0.028953525256506185,0.0010131708376801378
1881,0.02891917883706397,0.0002391771720701165
1882,0.028888121426988753,0.0020263417052013575
1883,0.02882877858141758,0.00017307022583505085
1884,0.02877546272513217,0.0011862410450723868
1885,0.028738111501387862,0.00017307022583505085
1886,0.02870552500416571,0.0020263417052013575
1887,0.02864672609723515,0.00017307022583505085
1888,0.02859422963636399,0.0011862410450723868
1889,0.02855723906144617,0.00017307022583505085
1890,0.028525139927154133,0.0020263417052013575
1891,0.02846687743775292,0.00017307022583505085
1892,0.02841518734808417,0.0011862410450723868
1893,0.02837855234395051,0.00017307022583505085
1894,0.0283469328674525,0.0020263417052013575
1895,0.028289199398742193,0.00017307022583505085
1896,0.02823830286501986,0.0011862410450723868
1897,0.02820201843712616,0.00017307022583505085
1898,0.028170871037027232,0.0020263417052013575
1899,0.02811365931424829,0.00017307022583505085
1900,0.028063543726807916,0.0011862410450723868
1901,0.028027604962654114,0.00017307022583505085
1902,0.027996922179300363,0.002092448628639867
1903,0.027940129644295923,0.00017307022583505085
1904,0.027887755145317886,0.0011201341357229247
1905,0.02785379793183685,0.00017307022583505085
1906,0.027825015596064602,0.002199411942434686
1907,0.02776555142674431,0.00017307022583505085
1908,0.027712121292654216,0.0010792777725169254
1909,0.027679412223558308,0.00017307022583505085
1910,0.0276520251859233,0.0023063752334329486
1911,0.02759066753873014,0.00017307022583505085
1912,0.027535535801501983,0.0010131708376801378
1913,0.02750433714208878,0.0002391771720701165
1914,0.027476205187412832,0.0020263417052013575
1915,0.02742225772110631,0.00017307022583505085
1916,0.02737399128638041,0.0011862410450723868
1917,0.02734003875923922,0.00017307022583505085
1918,0.027310528985804293,0.0020263417052013575
1919,0.02725704874384019,0.00017307022583505085
1920,0.02720952164677448,0.0011862410450723868
1921,0.027175881019807027,0.00017307022583505085
1922,0.02714681015374494,0.0020263417052013575
1923,0.02709379086897257,0.00017307022583505085
1924,0.027046991369912267,0.0011862410450723868
1925,0.027013658360162656,0.00017307022583505085
1926,0.026985019474597933,0.0020263417052013575
1927,0.026932454982539076,0.00017307022583505085
1928,0.026886371530079937,0.0011862410450723868
1929,0.02685334192448037,0.00017307022583505085
1930,0.026825128203684625,0.002092448628639867
1931,0.02677292535017812,0.00017307022583505085
1932,0.0267247624775843,0.0011201341357229247
1933,0.026693540441982994,0.00017307022583505085
1934,0.026667072328273866,0.002199411942434686
1935,0.026612387619340722,0.00017307022583505085
1936,0.02656325188841933,0.0010792777725169254
1937,0.026533164499156908,0.00017307022583505085
1938,0.026507977459371113,0.0023063752334329486
1939,0.0264515240224423,0.00017307022583505085
1940,0.026400821404973962,0.0010131708376801378
1941,0.026372111378824028,0.0002391771720701165
1942,0.0263462358225619,0.0020263417052013575
1943,0.026296576658186452,0.00017307022583505085
1944,0.02625218553144082,0.0011862410450723868
1945,0.02622092664709413,0.00017307022583505085
1946,0.026193783532095265,0.0020263417052013575
1947,0.026144531543197222,0.00017307022583505085
1948,0.026100818413127766,0.0011862410450723868
1949,0.026069833344765828,0.00017307022583505085
1950,0.026043091964185947,0.0020263417052013575
1951,0.025994241858159822,0.00017307022583505085
1952,0.025951195968790367,0.0011862410450723868
1953,0.025920481050551232,0.00017307022583505085
1954,0.025894135073999854,0.0020263417052013575
1955,0.025845681644183334,0.00017307022583505085
1956,0.025803292411935085,0.0011862410450723868
1957,0.025772844037313104,0.00017307022583505085
1958,0.025746887235897607,0.002092448628639867
1959,0.025698740737459768,0.00017307022583505085
1960,0.025654437439205077,0.0011201341357229247
1961,0.025625643763900436,0.00017307022583505085
1962,0.02560129046272072,0.002199411942434686
1963,0.025550831871862786,0.00017307022583505085
1964,0.025505632127910176,0.0010792777725169254
1965,0.025477873699352893,0.00017307022583505085
1966,0.025454696716279326,0.0023063752334329486
1967,0.025402579713194835,0.00017307022583505085
1968,0.02535593725922822,0.0010131708376801378
1969,0.025329440551644457,0.0002391771720701165
1970,0.025305622317581666,0.0020263417052013575
1971,0.025259757563366538,0.00017307022583505085
1972,0.025218917574920736,0.0011862410450723868
1973,0.025190049509315134,0.00017307022583505085
1974,0.025165070271543338,0.0020263417052013575
1975,0.025119560621801745,0.00017307022583505085
1976,0.025079342487404413,0.0011862410450723868
1977,0.025050715040873448,0.00017307022583505085
1978,0.025026103618115886,0.0020263417052013575
1979,0.024980944619619402,0.00017307022583505085
1980,0.024941338483075597,0.0011862410450723868
1981,0.02491294852430232,0.00017307022583505085
1982,0.024888699129917206,0.002092448628639867
1983,0.024843810640918975,0.00017307022583505085
1984,0.02480241396564189,0.0011201341357229247
1985,0.024775555853318375,0.00017307022583505085
1986,0.024752803402373843,0.002199411942434686
1987,0.02470573854179167,0.00017307022583505085
1988,0.024663502389242174,0.0010792777725169254
1989,0.024637599487304124,0.00017307022583505085
1990,0.024615944748549102,0.0023063752334329486
1991,0.024567312436518902,0.00017307022583505085
1992,0.024523726285942214,0.0010131708376801378
1993,0.024498990408575446,0.0002391771720701165
1994,0.024476736377871143,0.0020263417052013575
1995,0.02443391914912436,0.00017307022583505085
1996,0.024395754337169364,0.0011862410450723868
1997,0.024368796420180715,0.00017307022583505085
1998,0.024345454122181878,0.0020263417052013575
1999,0.02430295067419324,0.00017307022583505085
2000,0.024265365501829436,0.0011862410450723868
2001,0.024238621992494186,0.00017307022583505085
2002,0.024215621926935944,0.0020263417052013575
2003,0.024173428467932565,0.00017307022583505085
2004,0.024136413755142794,0.0011862410450723868
2005,0.02410988194149846,0.00017307022583505085
2006,0.024087218731461853,0.002092448628639867
2007,0.024045260440607334,0.00017307022583505085
2008,0.024006570834235078,0.0011201341357229247
2009,0.023981460989000423,0.00017307022583505085
2010,0.02396019533119488,0.002199411942434686
2011,0.023916184129374237,0.00017307022583505085
2012,0.023876708485052058,0.0010792777725169254
2013,0.023852482491016434,0.00017307022583505085
2014,0.023832241276516876,0.0023063752334329486
2015,0.023786744493489425,0.00017307022583505085
2016,0.02374600569544195,0.0010131708376801378
2017,0.023722862880263488,0.0002391771720701165
2018,0.02370205836798327,0.0020263417052013575
2019,0.02366198506684863,0.00017307022583505085
2020,0.02362631159432608,0.0011862410450723868
2021,0.02360107855269115,0.00017307022583505085
2022,0.023579257351167865,0.0020263417052013575
2023,0.023539461357002155,0.00017307022583505085
2024,0.023504328253263065,0.0011862410450723868
2025,0.023479286366598434,0.00017307022583505085
2026,0.023457783669245558,0.0020263417052013575
2027,0.023418261770067287,0.00017307022583505085
2028,0.023383660483781633,0.0011862410450723868
2029,0.023358807409789174,0.00017307022583505085
2030,0.023337618219373434,0.002092448628639867
2031,0.023298297345512236,0.00017307022583505085
2032,0.02326212942367737,0.0011201341357229247
2033,0.023238600000563204,0.00017307022583505085
2034,0.023218715647810202,0.002199411942434686
2035,0.023177454302656046,0.00017307022583505085
2036,0.023140550463444768,0.0010792777725169254
2037,0.023117841251911228,0.00017307022583505085
2038,0.02309891304128015,0.0023063752334329486
2039,0.02305623990135692,0.00017307022583505085
2040,0.023018154248393072,0.0010131708376801378
2041,0.022996453974455607,0.0002391771720701165
2042,0.02297699327293742,0.0020263417052013575
2043,0.022939392610814503,0.00017307022583505085
2044,0.022906039722430518,0.0011862410450723868
2045,0.022882365617328572,0.00017307022583505085
2046,0.022861958295181357,0.0020263417052013575
2047,0.02282460277593168,0.00017307022583505085
2048,0.02279175371769745,0.0011862410450723868
2049,0.022768250150814472,0.00017307022583505085
2050,0.02274813931878769,0.002092448628639867
2051,0.022710965223506786,0.00017307022583505085
2052,0.02267662690213083,0.0011201341357229247
2053,0.022654366607388166,0.00017307022583505085
2054,0.022635493849189822,0.002199411942434686
2055,0.022596469567180765,0.00017307022583505085
2056,0.022561431004298613,0.0010792777725169254
2057,0.022539938642939822,0.00017307022583505085
2058,0.022521972772075353,0.0023063752334329486
2059,0.02248159891508143,0.00017307022583505085
2060,0.022445436605060248,0.0010131708376801378
2061,0.022424890448093173,0.0002391771720701165
2062,0.022406421688137737,0.0020263417052013575
2063,0.02237083217490542,0.00017307022583505085
2064,0.022339163859990546,0.0011862410450723868
2065,0.022316746045267618,0.00017307022583505085
2066,0.022297372887856083,0.0020263417052013575
2067,0.022262002477030172,0.00017307022583505085
2068,0.02223081153368937,0.0011862410450723868
2069,0.022208547745335937,0.00017307022583505085
2070,0.022189455038320368,0.0020263417052013575
2071,0.022154301433539747,0.00017307022583505085
2072,0.02212358031815206,0.0011862410450723868
2073,0.022101468798531396,0.00017307022583505085
2074,0.022082652152780713,0.002092448628639867
2075,0.022047647726179793,0.00017307022583505085
2076,0.022015533742199025,0.0011201341357229247
2077,0.021994585610088605,0.00017307022583505085
2078,0.021976925030978613,0.002199411942434686
2079,0.0219401651790502,0.00017307022583505085
2080,0.021907395739984892,0.0010792777725169254
2081,0.021887164200716413,0.00017307022583505085
2082,0.021870350172513556,0.0023063752334329486
2083,0.021832301558161654,0.00017307022583505085
2084,0.02179848087021435,0.0010131708376801378
2085,0.021779136599426995,0.0002391771720701165
2086,0.021761842215233383,0.0020263417052013575
2087,0.02172829174466734,0.00017307022583505085
2088,0.021698670121620054,0.0011862410450723868
2089,0.021677545950869737,0.00017307022583505085
2090,0.0216594147490065,0.0020263417052013575
2091,0.02162605804776351,0.00017307022583505085
2092,0.021596881635233312,0.0011862410450723868
2093,0.021575895054983998,0.00017307022583505085
2094,0.021558025033409582,0.002092448628639867
2095,0.02152479871039106,0.00017307022583505085
2096,0.02149429833496136,0.0011201341357229247
2097,0.021474409310392163,0.00017307022583505085
2098,0.021457636312299584,0.002199411942434686
2099,0.021422730996593527,0.00017307022583505085
2100,0.021391607058018763,0.0010792777725169254
2101,0.021372392071764956,0.00017307022583505085
2102,0.0213564221234758,0.0023063752334329486
2103,0.021320279839350944,0.00017307022583505085
2104,0.021288156418909875,0.0010131708376801378
2105,0.021269778212997973,0.0002391771720701165
2106,0.02125335061297883,0.0020263417052013575
2107,0.021221469603774447,0.00017307022583505085
2108,0.021193333506620577,0.0011862410450723868
2109,0.021173257528760023,0.00017307022583505085
2110,0.021156034593296295,0.0020263417052013575
2111,0.021124326668523322,0.00017307022583505085
2112,0.021096612501709626,0.0011862410450723868
2113,0.021076660865797306,0.00017307022583505085
2114,0.021059685077373623,0.002092448628639867
2115,0.02102808900344111,0.00017307022583505085
2116,0.020999116421175267,0.0011201341357229247
2117,0.020980202333492178,0.00017307022583505085
2118,0.02096426758860409,0.002199411942434686
2119,0.020931063383519917,0.00017307022583505085
2120,0.020901497629450226,0.0010792777725169254
2121,0.02088321891705636,0.00017307022583505085
2122,0.020868046003795795,0.0023063752334329486
2123,0.02083365241306663,0.00017307022583505085
2124,0.02080313644560743,0.0010131708376801378
2125,0.02078564893615817,0.0002391771720701165
2126,0.02077003828955113,0.0020263417052013575
2127,0.020739689660118923,0.00017307022583505085
2128,0.020712959996617063,0.0011862410450723868
2129,0.020693848763090182,0.00017307022583505085
2130,0.020677484019939393,0.002092448628639867
2131,0.020647240336441816,0.00017307022583505085
2132,0.02061929503061082,0.0011201341357229247
2133,0.020601170986949476,0.00017307022583505085
2134,0.020585810190722798,0.002199411942434686
2135,0.020554015449761313,0.00017307022583505085
2136,0.02052549663933698,0.0010792777725169254
2137,0.020507975201228632,0.00017307022583505085
2138,0.020493348841680237,0.0023063752334329486
2139,0.020460406101663442,0.00017307022583505085
2140,0.0204309691519403,0.0010131708376801378
2141,0.020414198471835912,0.0002391771720701165
2142,0.02039915571523866,0.0020263417052013575
2143,0.02037007563459307,0.00017307022583505085
2144,0.020344292582222652,0.0011862410450723868
2145,0.020325967344234332,0.00017307022583505085
2146,0.020310188756395307,0.0020263417052013575
2147,0.020281247642196482,0.00017307022583505085
2148,0.020255849743155776,0.0011862410450723868
2149,0.02023762708681878,0.00017307022583505085
2150,0.020222073424931774,0.002092448628639867
2151,0.020193218996741407,0.00017307022583505085
2152,0.020166665725257243,0.0011201341357229247
2153,0.020149379736718546,0.00017307022583505085
2154,0.02013477887186613,0.002199411942434686
2155,0.020104435162795108,0.00017307022583505085
2156,0.020077336424534232,0.0010792777725169254
2157,0.020060620717084143,0.00017307022583505085
2158,0.02004671667260252,0.0023063752334329486
2159,0.020015265613605712,0.00017307022583505085
2160,0.019987294080194944,0.0010131708376801378
2161,0.019971291588845735,0.0002391771720701165
2162,0.019956986436956037,0.0020263417052013575
2163,0.019929215254801597,0.00017307022583505085
2164,0.019904713484816785,0.0011862410450723868
2165,0.01988721715718571,0.00017307022583505085
2166,0.01987221729001408,0.002092448628639867
2167,0.019844525545274015,0.00017307022583505085
2168,0.019818907747524008,0.0011201341357229247
2169,0.01980230521931672,0.00017307022583505085
2170,0.01978822426664817,0.002199411942434686
2171,0.019759093245866114,0.00017307022583505085
2172,0.019732948141786243,0.0010792777725169254
2173,0.019716888146367323,0.00017307022583505085
2174,0.019703479026018406,0.0023063752334329486
2175,0.019673276436893077,0.00017307022583505085
2176,0.019646288072578576,0.0010131708376801378
2177,0.01963090732897048,0.0002391771720701165
2178,0.019617114487897342,0.0020263417052013575
2179,0.019590436032308672,0.00017307022583505085
2180,0.019566796159756955,0.0011862410450723868
2181,0.01954997975310208,0.00017307022583505085
2182,0.019535511365925018,0.0020263417052013575
2183,0.019508943907278017,0.00017307022583505085
2184,0.01948565575163835,0.0011862410450723868
2185,0.0194689238952573,0.00017307022583505085
2186,0.019454660340478193,0.002092448628639867
2187,0.019428154554109345,0.00017307022583505085
2188,0.019403805775706304,0.0011201341357229247
2189,0.019387925160851378,0.00017307022583505085
2190,0.019374533773042636,0.002199411942434686
2191,0.01934664273083823,0.00017307022583505085
2192,0.019321792499945076,0.0010792777725169254
2193,0.01930642740038409,0.00017307022583505085
2194,0.019293673504924252,0.0023063752334329486
2195,0.019264745727155645,0.00017307022583505085
2196,0.01923909395610092,0.0010131708376801378
2197,0.019224377238608297,0.0002391771720701165
2198,0.019211251172383027,0.0020263417052013575
2199,0.01918569291011317,0.00017307022583505085
2200,0.01916322095342664,0.0011862410450723868
2201,0.01914711830411167,0.00017307022583505085
2202,0.019133357140530494,0.002092448628639867
2203,0.019107853171070388,0.00017307022583505085
2204,0.019084356773512157,0.0011201341357229247
2205,0.019069068822265278,0.00017307022583505085
2206,0.01905614887063562,0.002199411942434686
2207,0.019029303592728686,0.00017307022583505085
2208,0.01900532250225216,0.0010792777725169254
2209,0.018990526548327214,0.00017307022583505085
2210,0.018978221288473197,0.0023063752334329486
2211,0.018950370317247008,0.00017307022583505085
2212,0.01892561487414196,0.0010131708376801378
2213,0.018911438765167623,0.0002391771720701165
2214,0.018898775473033147,0.0020263417052013575
2215,0.018874160715976977,0.00017307022583505085
2216,0.018852474006304965,0.0011862410450723868
2217,0.01883696096805448,0.00017307022583505085
2218,0.018823682166127214,0.002092448628639867
2219,0.018799114194883854,0.00017307022583505085
2220,0.018776438020301153,0.0011201341357229247
2221,0.0187617057237877,0.00017307022583505085
2222,0.018749238304240193,0.002199411942434686
2223,0.018723370496939222,0.00017307022583505085
2224,0.018700225857553245,0.0010792777725169254
2225,0.01868596377188598,0.00017307022583505085
2226,0.01867408908570019,0.0023063752334329486
2227,0.018647244662973517,0.00017307022583505085
2228,0.01862335196470257,0.0010131708376801378
2229,0.018609683423599994,0.0002391771720701165
2230,0.01859746347617301,0.0020263417052013575
2231,0.018573731164100476,0.00017307022583505085
2232,0.01855280002395318,0.0011862410450723868
2233,0.018537839737870713,0.00017307022583505085
2234,0.01852502416167447,0.002092448628639867
2235,0.018501331039357454,0.00017307022583505085
2236,0.018479444242686043,0.0011201341357229247
2237,0.01846523314059916,0.00017307022583505085
2238,0.01845320020009815,0.002199411942434686
2239,0.01842824640278566,0.00017307022583505085
2240,0.01840590685291446,0.0010792777725169254
2241,0.018392145778625513,0.00017307022583505085
2242,0.018380684422511305,0.0023063752334329486
2243,0.018354781264919528,0.00017307022583505085
2244,0.018331719083651277,0.0010131708376801378
2245,0.01831852731889473,0.0002391771720701165
2246,0.01830673222074547,0.0020263417052013575
2247,0.01828382560083716,0.00017307022583505085
2248,0.01826362156911084,0.0011862410450723868
2249,0.018249179724021215,0.00017307022583505085
2250,0.01823680908651217,0.002092448628639867
2251,0.018213934005959505,0.00017307022583505085
2252,0.018192806995784516,0.0011201341357229247
2253,0.018179085000352507,0.00017307022583505085
2254,0.018167469293894584,0.002199411942434686
2255,0.018143370540626612,0.00017307022583505085
2256,0.018121805987007616,0.0010792777725169254
2257,0.018108515320807813,0.00017307022583505085
2258,0.0180974508278524,0.0023063752334329486
2259,0.018072428278240595,0.00017307022583505085
2260,0.01805016568127261,0.0010131708376801378
2261,0.018037421995965364,0.0002391771720701165
2262,0.01802603413521792,0.0020263417052013575
2263,0.018003900460826342,0.00017307022583505085
2264,0.01798439623769125,0.0011862410450723868
2265,0.017970440893737123,0.00017307022583505085
2266,0.017958497714492677,0.002092448628639867
2267,0.01793638790597426,0.00017307022583505085
2268,0.01791599228834941,0.0011201341357229247
2269,0.017902729520359376,0.00017307022583505085
2270,0.017891514570355142,0.002199411942434686
2271,0.01786821607479369,0.00017307022583505085
2272,0.017847397636009905,0.0010792777725169254
2273,0.01783454887271491,0.00017307022583505085
2274,0.017823865513377793,0.0023063752334329486
2275,0.017799667216366128,0.00017307022583505085
2276,0.017778174508948398,0.0010131708376801378
2277,0.01776585215688532,0.0002391771720701165
2278,0.017754854757785515,0.0020263417052013575
2279,0.017733445007956143,0.00017307022583505085
2280,0.017714614402532223,0.0011862410450723868
2281,0.017701115826870846,0.00017307022583505085
2282,0.017689583392166083,0.002092448628639867
2283,0.017668189839723868,0.00017307022583505085
2284,0.017648498364796636,0.0011201341357229247
2285,0.01763566700085466,0.00017307022583505085
2286,0.017624837058769646,0.002199411942434686
2287,0.01760228792085576,0.00017307022583505085
2288,0.01758218787367097,0.0010792777725169254
2289,0.017569754461360994,0.00017307022583505085
2290,0.01755943720636515,0.0023063752334329486
2291,0.017536010806307265,0.00017307022583505085
2292,0.017515259477278132,0.0010131708376801378
2293,0.017503333528841834,0.0002391771720701165
2294,0.0174927106071118,0.0020263417052013575
2295,0.017471979225447014,0.00017307022583505085
2296,0.017453797106112858,0.0011862410450723868
2297,0.017440727619883762,0.00017307022583505085
2298,0.017429589944964952,0.002092448628639867
2299,0.017408867122346964,0.00017307022583505085
2300,0.017389853633642607,0.0011201341357229247
2301,0.017377427763904333,0.00017307022583505085
2302,0.017366967774031943,0.002199411942434686
2303,0.017345120706913006,0.00017307022583505085
2304,0.017325712435257993,0.0010792777725169254
2305,0.017313669640357063,0.00017307022583505085
2306,0.01730370412565117,0.002372482168269737
2307,0.017280971075970215,0.00017307022583505085
2308,0.017259845154029268,0.000972314470120384
2309,0.017248715053697135,0.0002391771720701165
2310,0.017238702624880364,0.0021585555933177343
2311,0.01721789042524711,0.00017307022583505085
2312,0.01719882522244606,0.0010792777725169254
2313,0.017186970813608465,0.00017307022583505085
2314,0.01717717927856808,0.002372482168269737
2315,0.01715479229335632,0.00017307022583505085
2316,0.017134039991511727,0.000972314470120384
2317,0.017123083550783607,0.0002391771720701165
2318,0.01711324399926279,0.0021585555933177343
2319,0.017092746629005187,0.00017307022583505085
2320,0.017074017982038173,0.0010792777725169254
2321,0.017062346272135796,0.00017307022583505085
2322,0.017052725233180504,0.002372482168269737
2323,0.017030673076386192,0.00017307022583505085
2324,0.017010287343067004,0.000972314470120384
2325,0.01699949941413929,0.0002391771720701165
2326,0.016989829146132243,0.0021585555933177343
2327,0.01696963648303191,0.00017307022583505085
2328,0.016951238011387603,0.0010792777725169254
2329,0.016939743514207007,0.00017307022583505085
2330,0.0169302895659383,0.002372482168269737
2331,0.016908561418793242,0.00017307022583505085
2332,0.016888535344275465,0.000972314470120384
2333,0.01687791095910577,0.0002391771720701165
2334,0.016868406466626205,0.0021585555933177343
2335,0.016848508762692584,0.00017307022583505085
2336,0.016830434215419496,0.0010792777725169254
2337,0.01681911163847481,0.00017307022583505085
2338,0.016809821451703996,0.002372482168269737
2339,0.01678840689742409,0.00017307022583505085
2340,0.016768733710726406,0.0010131708376801378
2341,0.016758224937650258,0.00017307022583505085
2342,0.016749310262367572,0.0024794454820645565
2343,0.01672720524939033,0.00017307022583505085
2344,0.01670686164888557,0.000972314470120384
2345,0.016696742434520698,0.0002391771720701165
2346,0.016687206921450263,0.002092448628639867
2347,0.01666850004852637,0.00017307022583505085
2348,0.016651187168925337,0.0011201341357229247
2349,0.016639953793692108,0.00017307022583505085
2350,0.016630435236483315,0.002199411942434686
2351,0.016610696022949258,0.00017307022583505085
2352,0.016593022029425322,0.0010792777725169254
2353,0.016582126089052712,0.00017307022583505085
2354,0.0165730568226298,0.0023063752334329486
2355,0.016552528026038633,0.00017307022583505085
2356,0.01653427942604178,0.0010131708376801378
2357,0.016523817388177046,0.0002391771720701165
2358,0.01651447928099388,0.0020263417052013575
2359,0.01649629216546534,0.00017307022583505085
2360,0.016480301982514024,0.0011862410450723868
2361,0.016468828142671692,0.00017307022583505085
2362,0.016459033909688902,0.002092448628639867
2363,0.016440836655140748,0.00017307022583505085
2364,0.016424113567259094,0.0011201341357229247
2365,0.01641319432338552,0.00017307022583505085
2366,0.01640399464618047,0.002199411942434686
2367,0.016384790150423382,0.00017307022583505085
2368,0.01636771820905703,0.0010792777725169254
2369,0.016357125678215956,0.00017307022583505085
2370,0.016348359400504005,0.002372482168269737
2371,0.016328355038724814,0.00017307022583505085
2372,0.01630977057670446,0.000972314470120384
2373,0.01629997183763951,0.0002391771720701165
2374,0.01629116203981789,0.0021585555933177343
2375,0.01627282861096298,0.00017307022583505085
2376,0.01625605536045223,0.0010792777725169254
2377,0.01624560934372074,0.00017307022583505085
2378,0.01623699304096889,0.002372482168269737
2379,0.016217251255543755,0.00017307022583505085
2380,0.016198992422367914,0.000972314470120384
2381,0.01618932950231324,0.0002391771720701165
2382,0.016180667625235852,0.0021585555933177343
2383,0.016162573840263265,0.00017307022583505085
2384,0.01614609367411029,0.0010792777725169254
2385,0.01613578993189366,0.00017307022583505085
2386,0.01612732066165849,0.002372482168269737
2387,0.016107833233245918,0.00017307022583505085
2388,0.016089893946414465,0.0010131708376801378
2389,0.016080324206318875,0.00017307022583505085
2390,0.016072196257218473,0.0024794454820645565
2391,0.01605206462348708,0.00017307022583505085
2392,0.01603351276376837,0.000972314470120384
2393,0.016024291242864756,0.0002391771720701165
2394,0.016015596344578612,0.002092448628639867
2395,0.015998545807606394,0.00017307022583505085
2396,0.015982756918176817,0.0011201341357229247
2397,0.015972513658324868,0.00017307022583505085
2398,0.015963832766848117,0.002199411942434686
2399,0.01594582790732991,0.00017307022583505085
2400,0.015929708619992176,0.0010792777725169254
2401,0.015919766440431988,0.00017307022583505085
2402,0.01591149425445081,0.0023063752334329486
2403,0.015892755187018853,0.00017307022583505085
2404,0.015876110800216597,0.0010131708376801378
2405,0.015866558477276176,0.0002391771720701165
2406,0.015858039263576474,0.0020263417052013575
2407,0.015841425780361802,0.00017307022583505085
2408,0.015826840093740916,0.0011862410450723868
2409,0.01581635646710285,0.00017307022583505085
2410,0.015807421075940277,0.002092448628639867
2411,0.015790785538984106,0.00017307022583505085
2412,0.01577553045579926,0.0011201341357229247
2413,0.015765547332848667,0.00017307022583505085
2414,0.01575715320652286,0.002199411942434686
2415,0.015739584710261437,0.00017307022583505085
2416,0.015724010491767897,0.0010792777725169254
2417,0.015714320135597478,0.00017307022583505085
2418,0.015706320301751668,0.002372482168269737
2419,0.01568800473591416,0.00017307022583505085
2420,0.015671050109703346,0.000972314470120384
2421,0.01566208110811866,0.0002391771720701165
2422,0.01565403832143175,0.0021585555933177343
2423,0.015637241094292292,0.00017307022583505085
2424,0.015621937370119025,0.0010792777725169254
2425,0.01561236874954444,0.00017307022583505085
2426,0.015604503795166489,0.002372482168269737
2427,0.015586401799281073,0.00017307022583505085
2428,0.015569742274365278,0.0010131708376801378
2429,0.015560850412339447,0.00017307022583505085
2430,0.015553301596632674,0.0024794454820645565
2431,0.01553458937534927,0.00017307022583505085
2432,0.015517360175937732,0.000972314470120384
2433,0.01550878724976817,0.0002391771720701165
2434,0.015500710415242931,0.002092448628639867
2435,0.015484852367460064,0.00017307022583505085
2436,0.015470188170865406,0.0011201341357229247
2437,0.015460660166277989,0.00017307022583505085
2438,0.015452596301583837,0.002199411942434686
2439,0.015435841247840476,0.00017307022583505085
2440,0.015420869477174057,0.0010792777725169254
2441,0.015411616918881613,0.00017307022583505085
2442,0.015403931837194306,0.0023063752334329486
2443,0.015386483264618497,0.00017307022583505085
2444,0.015371023118552084,0.0010131708376801378
2445,0.015362129400629499,0.0002391771720701165
2446,0.01535421259911529,0.0020263417052013575
2447,0.015338734971541316,0.00017307022583505085
2448,0.015325185879141147,0.0011862410450723868
2449,0.015315418592895225,0.00017307022583505085
2450,0.015307116188837963,0.002092448628639867
2451,0.015291607915361301,0.00017307022583505085
2452,0.0152774365011041,0.0011201341357229247
2453,0.015268131215357488,0.00017307022583505085
2454,0.015260330747212551,0.002199411942434686
2455,0.015243944213102201,0.00017307022583505085
2456,0.015229475741423824,0.0010792777725169254
2457,0.015220439229490235,0.00017307022583505085
2458,0.015213004217208208,0.002372482168269737
2459,0.015195908723300533,0.00017307022583505085
2460,0.0151801576687998,0.0010131708376801378
2461,0.015171756795299817,0.00017307022583505085
2462,0.015164620102635284,0.0024794454820645565
2463,0.015146939888047512,0.00017307022583505085
2464,0.015130649571424633,0.000972314470120384
2465,0.015122546574170373,0.0002391771720701165
2466,0.01511491017490334,0.002092448628639867
2467,0.015099919495607466,0.00017307022583505085
2468,0.015086053952291472,0.0011201341357229247
2469,0.015077044810980487,0.00017307022583505085
2470,0.015069419954908743,0.002199411942434686
2471,0.01505357427060152,0.00017307022583505085
2472,0.015039417341783377,0.0010792777725169254
2473,0.01503066516268842,0.00017307022583505085
2474,0.01502339791011183,0.0023063752334329486
2475,0.015006888948852793,0.00017307022583505085
2476,0.014992269680445458,0.0010131708376801378
2477,0.014983853754570417,0.0002391771720701165
2478,0.014976366378359316,0.0020263417052013575
2479,0.01496171594319068,0.00017307022583505085
2480,0.014948903146601335,0.0011862410450723868
2481,0.014939656586919897,0.00017307022583505085
2482,0.014931804553359377,0.002092448628639867
2483,0.014917118328973574,0.00017307022583505085
2484,0.014903716577514312,0.0011201341357229247
2485,0.01489490411441517,0.00017307022583505085
2486,0.014887526171359688,0.002265518884315997
2487,0.014871980750013497,0.00017307022583505085
2488,0.014857520010469338,0.0010131708376801378
2489,0.014849316194880932,0.0002391771720701165
2490,0.014841929801591346,0.0020263417052013575
2491,0.014827681678277681,0.00017307022583505085
2492,0.014815010328012667,0.0011862410450723868
2493,0.014806004212405926,0.00017307022583505085
2494,0.014798247486615939,0.0020263417052013575
2495,0.014783990246892037,0.00017307022583505085
2496,0.014771501642128274,0.0011862410450723868
2497,0.014762501119547461,0.00017307022583505085
2498,0.014754848437412045,0.002092448628639867
2499,0.014740553985937977,0.00017307022583505085
2500,0.014727490975565543,0.0011201341357229247
2501,0.014718911205691186,0.00017307022583505085
2502,0.014711720438731118,0.002199411942434686
2503,0.01469660687339093,0.00017307022583505085
2504,0.014683269280986518,0.0010792777725169254
2505,0.01467493260141246,0.00017307022583505085
2506,0.01466807794757364,0.002372482168269737
2507,0.014652299794315258,0.00017307022583505085
2508,0.014637779185014608,0.0010131708376801378
2509,0.014630024332402522,0.00017307022583505085
2510,0.01462344390058046,0.0024794454820645565
2511,0.014607114962780396,0.00017307022583505085
2512,0.01459209651095784,0.000972314470120384
2513,0.014584612379258932,0.0002391771720701165
2514,0.014577569491181566,0.002092448628639867
2515,0.014563715618667171,0.00017307022583505085
2516,0.014550931554586533,0.0011201341357229247
2517,0.014542605419733136,0.00017307022583505085
2518,0.014535573551612196,0.002199411942434686
2519,0.01452092086271369,0.00017307022583505085
2520,0.014507867502896295,0.0010792777725169254
2521,0.014499774636985529,0.00017307022583505085
2522,0.014493071701067211,0.002372482168269737
2523,0.014477775602091136,0.00017307022583505085
2524,0.014463563059509365,0.000972314470120384
2525,0.01445606218307937,0.0002391771720701165
2526,0.014449322740020656,0.0021585555933177343
2527,0.014435273358360532,0.00017307022583505085
2528,0.014422443484857219,0.0010792777725169254
2529,0.014414432039735123,0.00017307022583505085
2530,0.014407838901175028,0.002372482168269737
2531,0.014392676855197128,0.00017307022583505085
2532,0.014378708497547311,0.0010131708376801378
2533,0.01437125409006379,0.00017307022583505085
2534,0.014364924401014773,0.0024794454820645565
2535,0.014349228026963612,0.00017307022583505085
2536,0.014334780354973094,0.000972314470120384
2537,0.01432758408354372,0.0002391771720701165
2538,0.01432080935604016,0.002092448628639867
2539,0.014307487774020942,0.00017307022583505085
2540,0.014295189348852926,0.0011201341357229247
2541,0.014287181469821077,0.00017307022583505085
2542,0.01428041677775875,0.002199411942434686
2543,0.014266322776614614,0.00017307022583505085
2544,0.014253764938452622,0.0010792777725169254
2545,0.014245979288209835,0.00017307022583505085
2546,0.01423953070948937,0.002372482168269737
2547,0.0142248133121597,0.00017307022583505085
2548,0.01421113994691422,0.000972314470120384
2549,0.014203921893658662,0.0002391771720701165
2550,0.014197437703297686,0.0021585555933177343
2551,0.01418391572211824,0.00017307022583505085
2552,0.014171572227044234,0.0010792777725169254
2553,0.014163860799138827,0.00017307022583505085
2554,0.014157517194281988,0.002372482168269737
2555,0.014142919805763826,0.00017307022583505085
2556,0.014129480709554599,0.0010131708376801378
2557,0.014122303495780548,0.00017307022583505085
2558,0.01411621301653348,0.0024794454820645565
2559,0.014101096437325199,0.00017307022583505085
2560,0.014087195891996689,0.000972314470120384
2561,0.014080265410444968,0.0002391771720701165
2562,0.014073745934718353,0.002092448628639867
2563,0.014060912643283555,0.00017307022583505085
2564,0.01404907947153082,0.0011201341357229247
2565,0.014041365164267296,0.00017307022583505085
2566,0.014034855568389912,0.002199411942434686
2567,0.014021274502668532,0.00017307022583505085
2568,0.01400919146272569,0.0010792777725169254
2569,0.014001689453709864,0.00017307022583505085
2570,0.013995483675446738,0.002372482168269737
2571,0.013981297041621231,0.00017307022583505085
2572,0.013968140511042199,0.000972314470120384
2573,0.013961184023855707,0.0002391771720701165
2574,0.013954942819801178,0.0021585555933177343
2575,0.013941905046248853,0.00017307022583505085
2576,0.0139300276257696,0.0010792777725169254
2577,0.013922593365389981,0.00017307022583505085
2578,0.013916487992693405,0.002372482168269737
2579,0.01390240884161225,0.00017307022583505085
2580,0.013889477111791565,0.0010131708376801378
2581,0.013882556022992319,0.00017307022583505085
2582,0.01387669387957477,0.0024794454820645565
2583,0.013862109487294914,0.00017307022583505085
2584,0.01384873353171131,0.000972314470120384
2585,0.01384204883230894,0.0002391771720701165
2586,0.013835772489728589,0.002092448628639867
2587,0.013823387776346653,0.00017307022583505085
2588,0.013812000461108307,0.0011201341357229247
2589,0.013804557366012566,0.00017307022583505085
2590,0.01379829145844725,0.002199411942434686
2591,0.013785182016477073,0.00017307022583505085
2592,0.013773554048988243,0.0010792777725169254
2593,0.013766314315185652,0.00017307022583505085
2594,0.013760340429093167,0.002372482168269737
2595,0.013746641306024683,0.00017307022583505085
2596,0.013733980322755066,0.000972314470120384
2597,0.013727266113535839,0.0002391771720701165
2598,0.013721256379791123,0.0021585555933177343
2599,0.013708663821834508,0.00017307022583505085
2600,0.013697233146536262,0.0010792777725169254
2601,0.013690055339327559,0.00017307022583505085
2602,0.013684177528735915,0.002372482168269737
2603,0.013670574723393674,0.00017307022583505085
2604,0.013658129496040032,0.0010131708376801378
2605,0.013651445432084186,0.00017307022583505085
2606,0.013645801362177652,0.0024794454820645565
2607,0.013631706195222663,0.00017307022583505085
2608,0.013618833344299038,0.000972314470120384
2609,0.013612376280029568,0.0002391771720701165
2610,0.013606331681834885,0.002092448628639867
2611,0.013594359694384115,0.00017307022583505085
2612,0.013583399768144568,0.0011201341357229247
2613,0.013576207621750092,0.00017307022583505085
2614,0.013570174619562836,0.002199411942434686
2615,0.013557499488752801,0.00017307022583505085
2616,0.013546307806442674,0.0010792777725169254
2617,0.013539310973796043,0.00017307022583505085
2618,0.013533558674242968,0.002372482168269737
2619,0.013520308027337854,0.00017307022583505085
2620,0.013508122298347698,0.0010131708376801378
2621,0.013501605764832541,0.00017307022583505085
2622,0.013496082221456075,0.0024794454820645565
2623,0.013482349591597838,0.00017307022583505085
2624,0.013469744758683358,0.000972314470120384
2625,0.013463448140740577,0.0002391771720701165
2626,0.013457533963657915,0.002092448628639867
2627,0.013445866980017962,0.00017307022583505085
2628,0.013435135812165998,0.0011201341357229247
2629,0.013428122224999466,0.00017307022583505085
2630,0.01342221728478492,0.002199411942434686
2631,0.013409862137296715,0.00017307022583505085
2632,0.013398903749251559,0.0010792777725169254
2633,0.013392079106114804,0.00017307022583505085
2634,0.013386448941443715,0.002372482168269737
2635,0.01337353215735942,0.00017307022583505085
2636,0.013361599823805569,0.0010131708376801378
2637,0.0133552427068633,0.00017307022583505085
2638,0.013349836429920778,0.0024794454820645565
2639,0.013336447534014147,0.00017307022583505085
2640,0.01332410445667005,0.000972314470120384
2641,0.013317960586145228,0.0002391771720701165
2642,0.013312173082790207,0.002092448628639867
2643,0.013300795424433074,0.00017307022583505085
2644,0.013290287567260058,0.0011201341357229247
2645,0.013283443882432397,0.00017307022583505085
2646,0.013277663617825015,0.002199411942434686
2647,0.013265612153715862,0.00017307022583505085
2648,0.013254881532964112,0.0010792777725169254
2649,0.013248220818315191,0.00017307022583505085
2650,0.013242709536363854,0.002372482168269737
2651,0.013230109445137011,0.00017307022583505085
2652,0.013218424583129681,0.000972314470120384
2653,0.013212243328970238,0.0002391771720701165
2654,0.013206699459582204,0.0021585555933177343
2655,0.01319510929476834,0.00017307022583505085
2656,0.013184559622005708,0.0010792777725169254
2657,0.013177948721240127,0.00017307022583505085
2658,0.013172524956854878,0.002372482168269737
2659,0.013159997743409096,0.00017307022583505085
2660,0.013148510896347918,0.0010131708376801378
2661,0.013142351399366009,0.00017307022583505085
2662,0.01313714283117678,0.0024794454820645565
2663,0.013124154109180134,0.00017307022583505085
2664,0.013112271913504328,0.000972314470120384
2665,0.013106318234812099,0.0002391771720701165
2666,0.013100739777578984,0.002092448628639867
2667,0.013089700514304536,0.00017307022583505085
2668,0.013079583703519216,0.0011201341357229247
2669,0.013072949100051802,0.00017307022583505085
2670,0.013067380367577144,0.002199411942434686
2671,0.013055685843251856,0.00017307022583505085
2672,0.013045354544956967,0.0010792777725169254
2673,0.013038896700961778,0.00017307022583505085
2674,0.013033586564710813,0.002372482168269737
2675,0.013021353892128565,0.00017307022583505085
2676,0.013010104391499801,0.0010131708376801378
2677,0.013004086645780082,0.00017307022583505085
2678,0.012998987145823074,0.0024794454820645565
2679,0.012986301765357353,0.00017307022583505085
2680,0.012974664823192369,0.000972314470120384
2681,0.012968847112474875,0.0002391771720701165
2682,0.01296338607669379,0.002092448628639867
2683,0.012952602430093142,0.00017307022583505085
2684,0.012942694668007553,0.0011201341357229247
2685,0.012936211151804496,0.00017307022583505085
2686,0.012930758524327542,0.002199411942434686
2687,0.012919332606349341,0.00017307022583505085
2688,0.012909214582968644,0.0010792777725169254
2689,0.012902902689223549,0.00017307022583505085
2690,0.012897703224672258,0.002372482168269737
2691,0.01288575039271335,0.00017307022583505085
2692,0.012874732762960178,0.0010131708376801378
2693,0.012868850203467164,0.00017307022583505085
2694,0.012863856919651178,0.0024794454820645565
2695,0.0128514597704322,0.00017307022583505085
2696,0.012840062456126842,0.000972314470120384
2697,0.012834374478205358,0.0002391771720701165
2698,0.012829027618207072,0.002092448628639867
2699,0.012818486978212303,0.00017307022583505085
2700,0.012808783388759366,0.0011201341357229247
2701,0.012802443956345248,0.00017307022583505085
2702,0.012797104459790733,0.002199411942434686
2703,0.012785934026841937,0.00017307022583505085
2704,0.012776024326515182,0.0010792777725169254
2705,0.012769851692669313,0.00017307022583505085
2706,0.01276476004705424,0.002372482168269737
2707,0.012753073247151884,0.00017307022583505085
2708,0.012742282167330976,0.0010131708376801378
2709,0.012736528613113382,0.00017307022583505085
2710,0.012731638794144302,0.0024794454820645565
2711,0.012719515681915707,0.00017307022583505085
2712,0.0127083525267409,0.000972314470120384
2713,0.012702788409478834,0.0002391771720701165
2714,0.012697552603649511,0.002092448628639867
2715,0.012687243121468648,0.00017307022583505085
2716,0.012677738969523265,0.0011201341357229247
2717,0.012671537027600833,0.00017307022583505085
2718,0.012666307789742344,0.002199411942434686
2719,0.01265538050924391,0.00017307022583505085
2720,0.012645674321903952,0.0010792777725169254
2721,0.012639634647319596,0.00017307022583505085
2722,0.012634648066563583,0.002372482168269737
2723,0.012623214324432301,0.00017307022583505085
2724,0.012612644622220804,0.0010131708376801378
2725,0.012607014252007422,0.00017307022583505085
2726,0.012602225242511995,0.0024794454820645565
2727,0.012590362830106295,0.00017307022583505085
2728,0.012579428516269172,0.000972314470120384
2729,0.012573982727548633,0.0002391771720701165
2730,0.012568854971971124,0.002092448628639867
2731,0.012558765511186086,0.00017307022583505085
2732,0.012549456196948552,0.0011201341357229247
2733,0.012543385536334146,0.00017307022583505085
2734,0.012538263781991816,0.002199411942434686
2735,0.012527568059520353,0.00017307022583505085
2736,0.012518060711305443,0.0010792777725169254
2737,0.012512148060347663,0.00017307022583505085
2738,0.01250726388436818,0.002372482168269737
2739,0.012496071006413456,0.00017307022583505085
2740,0.012485717652431063,0.000972314470120384
2741,0.012480226959072081,0.0002391771720701165
2742,0.012475312131362295,0.0021585555933177343
2743,0.01246500806658133,0.00017307022583505085
2744,0.012455659632629705,0.0010792777725169254
2745,0.012449782559023043,0.00017307022583505085
2746,0.012444974543032884,0.002372482168269737
2747,0.012433827576380002,0.00017307022583505085
2748,0.01242364828072033,0.0010131708376801378
2749,0.012418168335213742,0.00017307022583505085
2750,0.012413550269858974,0.0024794454820645565
2751,0.012401982525671786,0.00017307022583505085
2752,0.012391452335599342,0.000972314470120384
2753,0.012386151831268398,0.0002391771720701165
2754,0.012381203570986708,0.002092448628639867
2755,0.012371364327925757,0.00017307022583505085
2756,0.012362397346797591,0.0011201341357229247
2757,0.012356485641307122,0.00017307022583505085
2758,0.012351547228342941,0.002265518884315997
2759,0.012341100896093995,0.00017307022583505085
2760,0.012331423101892437,0.0010131708376801378
2761,0.01232590599404182,0.0002391771720701165
2762,0.012320957439955885,0.0020263417052013575
2763,0.012311356414103771,0.00017307022583505085
2764,0.01230287335496293,0.0011862410450723868
2765,0.012296799205803852,0.00017307022583505085
2766,0.012291602753468907,0.002092448628639867
2767,0.012281951347470187,0.00017307022583505085
2768,0.012273075470131683,0.0011201341357229247
2769,0.012267269867093727,0.00017307022583505085
2770,0.012262385150915225,0.002199411942434686
2771,0.012252151235221645,0.00017307022583505085
2772,0.012243086377837685,0.0010792777725169254
2773,0.012237430661472561,0.00017307022583505085
2774,0.012232772159633,0.002372482168269737
2775,0.012222058152386106,0.00017307022583505085
2776,0.012212186716808475,0.0010131708376801378
2777,0.01220691210849157,0.00017307022583505085
2778,0.012202437722631816,0.0024794454820645565
2779,0.012191316745975116,0.00017307022583505085
2780,0.01218110453738433,0.000972314470120384
2781,0.012176001010949516,0.0002391771720701165
2782,0.012171208683210677,0.002092448628639867
2783,0.01216174600344556,0.00017307022583505085
2784,0.01215305066671646,0.0011201341357229247
2785,0.012147358784963718,0.00017307022583505085
2786,0.01214257305961255,0.002199411942434686
2787,0.012132538094952957,0.00017307022583505085
2788,0.012123657538634683,0.0010792777725169254
2789,0.012118112043364694,0.00017307022583505085
2790,0.012113547814679557,0.002372482168269737
2791,0.012103040423591158,0.00017307022583505085
2792,0.01209336966147488,0.0010131708376801378
2793,0.012088197227137588,0.00017307022583505085
2794,0.012083813255450023,0.0024794454820645565
2795,0.012072905238405164,0.00017307022583505085
2796,0.012062900562947228,0.000972314470120384
2797,0.012057895379884038,0.0002391771720701165
2798,0.01205319945268315,0.002092448628639867
2799,0.012043916898026223,0.00017307022583505085
2800,0.012035398025046102,0.0011201341357229247
2801,0.0120298150258196,0.00017307022583505085
2802,0.01202512588242687,0.002199411942434686
2803,0.012015280902296933,0.00017307022583505085
2804,0.012006580500255591,0.0010792777725169254
2805,0.012001140593252125,0.00017307022583505085
2806,0.011996668331962777,0.002372482168269737
2807,0.011986358141589779,0.00017307022583505085
2808,0.011976883578761187,0.0010131708376801378
2809,0.01197180903654437,0.00017307022583505085
2810,0.011967513258926464,0.0024794454820645565
2811,0.011956808520626201,0.00017307022583505085
2812,0.01194700677098086,0.000972314470120384
2813,0.011942095855078971,0.0002391771720701165
2814,0.011937493852881538,0.002092448628639867
2815,0.011928383326996706,0.00017307022583505085
2816,0.011920036951190822,0.0011201341357229247
2817,0.011914558269107936,0.00017307022583505085
2818,0.01190996337486303,0.002199411942434686
2819,0.0119002999361645,0.00017307022583505085
2820,0.011891775652871858,0.0010792777725169254
2821,0.0118864369612999,0.00017307022583505085
2822,0.011882054435155264,0.002372482168269737
2823,0.011871932583252984,0.00017307022583505085
2824,0.011862649863024936,0.0010131708376801378
2825,0.011857669171084398,0.00017307022583505085
2826,0.011853459438741326,0.0024794454820645565
2827,0.011842948866733441,0.00017307022583505085
2828,0.011833345555328749,0.000972314470120384
2829,0.011828525057480435,0.0002391771720701165
2830,0.011824014590568942,0.002092448628639867
2831,0.011815068469931432,0.00017307022583505085
2832,0.011806890730979453,0.0011201341357229247
2833,0.01180151205696067,0.00017307022583505085
2834,0.011797009151789885,0.002265518884315997
2835,0.011787505765592832,0.00017307022583505085
2836,0.011778679135370645,0.0010131708376801378
2837,0.011773656382140785,0.0002391771720701165
2838,0.011769144399148555,0.0020263417052013575
2839,0.01176040413854286,0.00017307022583505085
2840,0.011752666964114682,0.0011862410450723868
2841,0.011747134869955924,0.00017307022583505085
2842,0.011742395684577116,0.002092448628639867
2843,0.011733604823520065,0.00017307022583505085
2844,0.011725508871512653,0.0011201341357229247
2845,0.011720218454369779,0.00017307022583505085
2846,0.01171576322015571,0.002199411942434686
2847,0.011706436237919898,0.00017307022583505085
2848,0.011698167458832507,0.0010792777725169254
2849,0.01169301087885769,0.00017307022583505085
2850,0.011688761579197982,0.002372482168269737
2851,0.011678991442098075,0.00017307022583505085
2852,0.011669986434211023,0.0010131708376801378
2853,0.011665174778937706,0.00017307022583505085
2854,0.011661093005131587,0.0024794454820645565
2855,0.01165094557993074,0.00017307022583505085
2856,0.011641629269478081,0.000972314470120384
2857,0.011636971230371827,0.0002391771720701165
2858,0.01163259878729445,0.002092448628639867
2859,0.011623959355495901,0.00017307022583505085
2860,0.011616026396699296,0.0011201341357229247
2861,0.011610828725399315,0.00017307022583505085
2862,0.011606462102187248,0.002199411942434686
2863,0.011597295178675127,0.00017307022583505085
2864,0.011589192852113185,0.0010792777725169254
2865,0.011584126405400677,0.00017307022583505085
2866,0.011579961441536132,0.002372482168269737
2867,0.011570357062032225,0.00017307022583505085
2868,0.011561533471562604,0.0010131708376801378
2869,0.011556805417884486,0.00017307022583505085
2870,0.011552804488350336,0.0024794454820645565
2871,0.01154282799665546,0.00017307022583505085
2872,0.011533699390492732,0.000972314470120384
2873,0.011529122009502617,0.0002391771720701165
2874,0.011524835287261661,0.002092448628639867
2875,0.011516340822521011,0.00017307022583505085
2876,0.01150856725152547,0.0011201341357229247
2877,0.011503458646110345,0.00017307022583505085
2878,0.011499178549422978,0.002265518884315997
2879,0.01149015229831355,0.00017307022583505085
2880,0.011481761620966738,0.0010131708376801378
2881,0.011476989620027682,0.0002391771720701165
2882,0.011472700850517655,0.0020263417052013575
2883,0.011464396657859437,0.00017307022583505085
2884,0.011457041488154239,0.0011862410450723868
2885,0.011451784361943013,0.00017307022583505085
2886,0.011447279209488431,0.002092448628639867
2887,0.011438924529835895,0.00017307022583505085
2888,0.011431228069486647,0.0011201341357229247
2889,0.011426199221643809,0.00017307022583505085
2890,0.011421963806323307,0.002199411942434686
2891,0.011413096944331657,0.00017307022583505085
2892,0.011405235971933828,0.0010792777725169254
2893,0.011400333030204279,0.00017307022583505085
2894,0.011396293183548008,0.002372482168269737
2895,0.01138700216588927,0.00017307022583505085
2896,0.011378441068604037,0.0010131708376801378
2897,0.011373864833116637,0.00017307022583505085
2898,0.011369984038532068,0.0024794454820645565
2899,0.011360331201152343,0.00017307022583505085
2900,0.011351473944827247,0.000972314470120384
2901,0.011347042633529309,0.0002391771720701165
2902,0.011342885073591895,0.002092448628639867
2903,0.011334664267124837,0.00017307022583505085
2904,0.011327121931324208,0.0011201341357229247
2905,0.011322175904256248,0.00017307022583505085
2906,0.01131802390542716,0.002199411942434686
2907,0.01130929877604465,0.00017307022583505085
2908,0.011301595230535998,0.0010792777725169254
2909,0.011296772905904796,0.00017307022583505085
2910,0.01129281242487691,0.002372482168269737
2911,0.011283667922755394,0.00017307022583505085
2912,0.011275278492963082,0.0010131708376801378
2913,0.01127077705673648,0.00017307022583505085
2914,0.011266972322114413,0.0024794454820645565
2915,0.011257470617838562,0.00017307022583505085
2916,0.011248791019593361,0.000972314470120384
2917,0.011244431975394037,0.0002391771720701165
2918,0.011240354826205445,0.002092448628639867
2919,0.011232262404612779,0.00017307022583505085
2920,0.011224870819602356,0.0011201341357229247
2921,0.011220004462417167,0.00017307022583505085
2922,0.011215933951915003,0.002265518884315997
2923,0.011207332185780494,0.00017307022583505085
2924,0.011199353749104376,0.0010131708376801378
2925,0.011194807236284144,0.0002391771720701165
2926,0.011190727636383405,0.0020263417052013575
2927,0.011182812387046387,0.00017307022583505085
2928,0.011175818205478227,0.0011862410450723868
2929,0.011170807623683313,0.00017307022583505085
2930,0.011166522800446372,0.002092448628639867
2931,0.011158556762621003,0.00017307022583505085
2932,0.01115123795019886,0.0011201341357229247
2933,0.011146443965404962,0.00017307022583505085
2934,0.011142415401094367,0.002199411942434686
2935,0.011133959050810037,0.00017307022583505085
2936,0.011126483666501699,0.0010792777725169254
2937,0.011121808770682464,0.00017307022583505085
2938,0.01111796595522321,0.002372482168269737
2939,0.011109101873828244,0.00017307022583505085
2940,0.011100960723513019,0.0010131708376801378
2941,0.011096596224780967,0.00017307022583505085
2942,0.011092904440796915,0.0024794454820645565
2943,0.011083692463717374,0.00017307022583505085
2944,0.011075269586615926,0.000972314470120384
2945,0.011071042435637899,0.0002391771720701165
2946,0.011067086368540388,0.002092448628639867
2947,0.01105923920565809,0.00017307022583505085
2948,0.0110520662255419,0.0011201341357229247
2949,0.011047346523561385,0.00017307022583505085
2950,0.011043396575604434,0.002265518884315997
2951,0.011035054182251564,0.00017307022583505085
2952,0.011027311554090698,0.0010131708376801378
2953,0.011022901305295037,0.0002391771720701165
2954,0.011018942553087557,0.0020263417052013575
2955,0.011011264545390252,0.00017307022583505085
2956,0.011004477023857135,0.0011862410450723868
2957,0.010999616040155783,0.00017307022583505085
2958,0.010995457885189023,0.002092448628639867
2959,0.010987729418705015,0.00017307022583505085
2960,0.010980626738623036,0.0011201341357229247
2961,0.010975975173107576,0.00017307022583505085
2962,0.010972065610266934,0.002199411942434686
2963,0.010963860090243038,0.00017307022583505085
2964,0.010956605351753535,0.0010792777725169254
2965,0.010952068662931205,0.00017307022583505085
2966,0.010948339262537209,0.002372482168269737
2967,0.010939736691443021,0.00017307022583505085
2968,0.01093183572430503,0.0010131708376801378
2969,0.01092759962345567,0.00017307022583505085
2970,0.010924016691211041,0.0024794454820645565
2971,0.010915074956128187,0.00017307022583505085
2972,0.010906900467445748,0.000972314470120384
2973,0.01090279707129002,0.0002391771720701165
2974,0.010898957472248524,0.002092448628639867
2975,0.010891339251192072,0.00017307022583505085
2976,0.010884377679332653,0.0011201341357229247
2977,0.010879795486777161,0.00017307022583505085
2978,0.010875961802048922,0.002265518884315997
2979,0.010867861449101261,0.00017307022583505085
2980,0.0108603469370932,0.0010131708376801378
2981,0.010856064642557728,0.0002391771720701165
2982,0.01085222216306425,0.0020263417052013575
2983,0.010844765874389688,0.00017307022583505085
2984,0.010838178191553626,0.0011862410450723868
2985,0.01083345744542175,0.00017307022583505085
2986,0.0108294215021247,0.002092448628639867
2987,0.01082191493162405,0.00017307022583505085
2988,0.010815021294265781,0.0011201341357229247
2989,0.01081050334728179,0.00017307022583505085
2990,0.01080670856652723,0.002199411942434686
2991,0.010798737507318527,0.00017307022583505085
2992,0.010791696203033295,0.0010792777725169254
2993,0.010787289281948484,0.00017307022583505085
2994,0.01078366925309264,0.002372482168269737
2995,0.010775310954240348,0.00017307022583505085
2996,0.010767642393540826,0.0010131708376801378
2997,0.010763526874272808,0.00017307022583505085
2998,0.010760048896052522,0.0024794454820645565
2999,0.010751359638376754,0.00017307022583505085
3000,0.010743425530587044,0.000972314470120384
3001,0.010739438435823147,0.0002391771720701165
3002,0.010735710936002152,0.002092448628639867
3003,0.010728306772428272,0.00017307022583505085
3004,0.010721549702666944,0.0011201341357229247
3005,0.010717096648283972,0.00017307022583505085
3006,0.010713375132010195,0.002265518884315997
3007,0.010705501012218463,0.00017307022583505085
3008,0.010698207227848257,0.0010131708376801378
3009,0.01069404527216527,0.0002391771720701165
3010,0.010690314731061658,0.0020263417052013575
3011,0.010683065989270362,0.00017307022583505085
3012,0.010676671600790161,0.0011862410450723868
3013,0.010672082525848517,0.00017307022583505085
3014,0.01066816454438978,0.002092448628639867
3015,0.010660865564382867,0.00017307022583505085
3016,0.010654174163861418,0.0011201341357229247
3017,0.010649781775806583,0.00017307022583505085
3018,0.01064609775636703,0.002265518884315997
3019,0.010638335551305176,0.00017307022583505085
3020,0.010631112363248579,0.0010131708376801378
3021,0.010627006229171064,0.0002391771720701165
3022,0.010623314338428565,0.0020263417052013575
3023,0.010616167029796144,0.00017307022583505085
3024,0.010609834849251779,0.0011862410450723868
3025,0.0106053081766343,0.00017307022583505085
3026,0.01060142941634827,0.002092448628639867
3027,0.010594232872949633,0.00017307022583505085
3028,0.010587606386924424,0.0011201341357229247
3029,0.010583273161160828,0.00017307022583505085
3030,0.010579626145788442,0.002199411942434686
3031,0.01057198240808147,0.00017307022583505085
3032,0.010565213808889326,0.0010792777725169254
3033,0.01056098611626756,0.00017307022583505085
3034,0.01055750699216935,0.002372482168269737
3035,0.010549490719457913,0.00017307022583505085
3036,0.010542118884149203,0.0010131708376801378
3037,0.010538169998615992,0.00017307022583505085
3038,0.010534827321991663,0.0024794454820645565
3039,0.010526491834925773,0.00017307022583505085
3040,0.010518864543816642,0.000972314470120384
3041,0.010515038052967222,0.0002391771720701165
3042,0.010511455799793264,0.002092448628639867
3043,0.010504351338860527,0.00017307022583505085
3044,0.010497855636814263,0.0011201341357229247
3045,0.01049358141677193,0.00017307022583505085
3046,0.010490004322843152,0.002265518884315997
3047,0.010482447586884115,0.00017307022583505085
3048,0.01047543571193527,0.0010131708376801378
3049,0.010471439939010872,0.0002391771720701165
3050,0.010467854418626504,0.0020263417052013575
3051,0.010460896042370077,0.00017307022583505085
3052,0.010454748810827523,0.0011862410450723868
3053,0.010450342570540231,0.00017307022583505085
3054,0.010446576332788875,0.002092448628639867
3055,0.010439568574960279,0.00017307022583505085
3056,0.010433135649180972,0.0011201341357229247
3057,0.0104289174071403,0.00017307022583505085
3058,0.010425376003906915,0.002199411942434686
3059,0.010417932126671326,0.00017307022583505085
3060,0.010411361208204128,0.0010792777725169254
3061,0.010407245400816195,0.00017307022583505085
3062,0.01040386686252696,0.002372482168269737
3063,0.010396058425775664,0.00017307022583505085
3064,0.010388901997662962,0.0010131708376801378
3065,0.010385057124118894,0.00017307022583505085
3066,0.010381810933893643,0.0024794454820645565
3067,0.010373690358741106,0.00017307022583505085
3068,0.01036628593896142,0.000972314470120384
3069,0.010362559938020604,0.0002391771720701165
3070,0.010359080316964168,0.002092448628639867
3071,0.010352158416427107,0.00017307022583505085
3072,0.010345852127153264,0.0011201341357229247
3073,0.010341689288119207,0.00017307022583505085
3074,0.010338215456473907,0.002265518884315997
3075,0.01033085149746964,0.00017307022583505085
3076,0.010324044197322,0.0010131708376801378
3077,0.010320152591464786,0.0002391771720701165
3078,0.010316669611545422,0.0020263417052013575
3079,0.010309888755678362,0.00017307022583505085
3080,0.010303920520261373,0.0011862410450723868
3081,0.01029962777082168,0.00017307022583505085
3082,0.010295970242884615,0.002092448628639867
3083,0.010289139764993729,0.00017307022583505085
3084,0.010282894200171448,0.0011201341357229247
3085,0.01027878439945706,0.00017307022583505085
3086,0.010275345007079854,0.002265518884315997
3087,0.010268078303313702,0.00017307022583505085
3088,0.010261336333634975,0.0010131708376801378
3089,0.010257493635578742,0.0002391771720701165
3090,0.01025404597273593,0.0020263417052013575
3091,0.01024735344483982,0.00017307022583505085
3092,0.010241442720284911,0.0011862410450723868
3093,0.010237204529501793,0.00017307022583505085
3094,0.010233583066109674,0.002092448628639867
3095,0.010226841742280607,0.00017307022583505085
3096,0.010220656221850958,0.0011201341357229247
3097,0.010216598212399796,0.00017307022583505085
3098,0.010213192823554195,0.002265518884315997
3099,0.010206020954129086,0.00017307022583505085
3100,0.010199343593656178,0.0010131708376801378
3101,0.010195548675563805,0.0002391771720701165
3102,0.010192135843526436,0.0020263417052013575
3103,0.010185529482998364,0.00017307022583505085
3104,0.01017967562195177,0.0011862410450723868
3105,0.010175490703985973,0.00017307022583505085
3106,0.010171904857238064,0.002092448628639867
3107,0.010165250492625793,0.00017307022583505085
3108,0.01015912434716822,0.0011201341357229247
3109,0.01015511692147441,0.00017307022583505085
3110,0.01015174510877367,0.002199411942434686
3111,0.010144674635342306,0.00017307022583505085
3112,0.010138416902173677,0.0010792777725169254
3113,0.010134505792665692,0.00017307022583505085
3114,0.010131288982928472,0.002372482168269737
3115,0.010123870938970006,0.00017307022583505085
3116,0.010117055323161017,0.0010131708376801378
3117,0.01011340088521208,0.00017307022583505085
3118,0.010110310006849277,0.0024794454820645565
3119,0.010102593523683118,0.00017307022583505085
3120,0.010095541535843725,0.000972314470120384
3121,0.010091999211098839,0.0002391771720701165
3122,0.010088686294510707,0.002092448628639867
3123,0.010082107002660514,0.00017307022583505085
3124,0.010076100935796245,0.0011201341357229247
3125,0.010072142720104843,0.00017307022583505085
3126,0.010068834725183329,0.002265518884315997
3127,0.0100618338159042,0.00017307022583505085
3128,0.010055350365903187,0.0010131708376801378
3129,0.010051649052981837,0.0002391771720701165
3130,0.010048332575239734,0.0020263417052013575
3131,0.010041884137969555,0.00017307022583505085
3132,0.010036199834620067,0.0011862410450723868
3133,0.010032116531448065,0.00017307022583505085
3134,0.010028633294620433,0.002092448628639867
3135,0.010022136417906396,0.00017307022583505085
3136,0.01001618781143957,0.0011201341357229247
3137,0.010012277637221536,0.00017307022583505085
3138,0.010009002066085421,0.002265518884315997
3139,0.010002088811230499,0.00017307022583505085
3140,0.009995667214668467,
